Country,Class,Region,SR_2016,SR_2015,SR_2010,SR_2005,SR_CHG_1015,SR_p_CHG,M_2016,M_2015,M_2010,M_2005,F_2016,F_2015,F_2010,F_2005,Alc_2016,Alc_2015,Alc_2014,Alc_2013,Alc_2012,Alc_2011,Alc_2010,Alc_2009,Alc_2008,Alc_2007,Alc_2006,Alc_2005,Alc_Chg_1015,Alc_p_Chg,Heavy_ttl_2016,govt_exp_mental/health_2011,govt_exp_hosp/health_2011,govt_exp_mh,govt_exp_hosp,mh_legis,mh_plan,mh_policy,psychiatrist_2014,psychiatrist_2011,psychiatrist_chg,psychiatrist_p_chg,nurse_2014,nurse_2011,nurse_chg,nurse_p_chg,sowork_2014,sowork_2011,sowork_chg,sowork_p_chg,psychologist_2014,psychologist_2011,psychologist_chg,psychologist_p_chg,hosp_2011,outpatientfac_2011,daytreat_2011,communityres_2011,b_hosp_2011,b_outpatientfac_2011,b_daytreat_2011,b_communityres_2011,beds_gen_hosp_2014,beds_gen_hosp_2011,beds_gen_hosp_chg,beds_gen_hosp_p_chg,beds_comm_res_2014,beds_comm_res_2011,beds_comm_res_chg,beds_comm_res_p_chg,beds_mh_2014,beds_mh_2011,beds_mh_chg,beds_mh_p_chg,child_abuse_pgm_12-14,youth_viol_pvn_12-14,dom_abuse_12-14,sen_abuse_12-14,conf_alc_disorder_2014,conf_drug_disorder_2014,awr_binge_drinking,awr_dom_viol,awr_eld,awr_hiv,awr_work/sprts,awr_dd,awr_illalc,awr_indig,awr_preg,awr_harmother,awr_youthdrink,treat_sub_alt,treat_sub_add,treat_alc_alt,treat_alc_add,alc_policy_writ,alc_policy_before,alc_policy_during,alc_policy_rev,alc_policy_rev/add_during,che_2015,che_2011,che_2010,che_chg,che_p_chg,unemp_adv_2010,unemp_adv_2015,unemp_chg,unemp_p_chg,risk_impov_hc_2010,risk_impov_hc_2015,risk_impov_hc_chg,risk_impov_hc_p_chg,pop_2010,pop_2015,chg_pop,SR_act_2010,SR_act_2015,std_sr
Afghanistan,L,South Asia,4.7,4.8,5.1,6.3,-0.3,-0.06,7.6,7.8,8.6,10.8,1.5,1.5,1.4,1.5,,0.02,0.03,0.03,0.04,0.04,0.03,0.03,0.03,0.03,0.03,0.02,-0.01,-0.333333333,2,,,,,1,1,1,0.01,0.16,-0.15,-0.94,0.11,0.15,-0.04,-0.27,0.01,0.01,0,0,0.04,0.08,-0.04,-0.5,0,0.07,0,0,0,1,0,0,0.32,0.84,-0.52,-0.62,0,0,0,,0.32,0.34,-0.02,-0.06,0,1,0,0,1,1,0,0,0,0,0,0,0,0,0,0,0,0,0,0,0,,0,0,,0,183.9,138.8,132.3,51.6,0.39,,,,,,,,,28803167,33736494,4933327,1468.961517,1619.351712,0.941176471
Albania,UM,Europe & Central Asia,6.3,6,7.8,6.7,-1.8,-0.23,7.9,7.6,9.5,7.7,4.7,4.4,6.1,5.7,5.07,4.77,4.81,5.06,5.43,5.65,5.53,6.04,5.82,5.76,5.46,5.3,-0.76,-0.137432188,44.7,,,,,1,1,1,1.32,1.83,-0.51,-0.28,6.66,6.18,0.48,0.08,0.79,1.1,-0.31,-0.28,1.01,1.29,-0.28,-0.22,0.06,0.63,0.09,0.28,1,1,1,1,3.92,4.1,-0.18,-0.04,3.2,3.12,0.08,0.03,15.38,16.41,-1.03,-0.06,1,1,1,2,1,1,0,1,0,1,0,1,0,0,0,0,1,0,0,0,0,2002,1,0,2011,1,773.7,570.9,481.1,292.6,0.61,14.38700008,21.51000023,7.123000145,50%,1.2,0.8,-0.4,-0.33,2913021,2880703,-32318,227.215638,172.84218,0.769230769
Algeria,UM,Middle East & North Africa,3.2,3.2,3.3,3.8,-0.1,-0.03,4.7,4.8,4.9,5.3,1.7,1.7,1.8,2.2,0.56,0.56,0.56,0.54,0.49,0.44,0.39,0.48,0.43,0.39,0.43,0.55,0.17,0.435897436,19.3,7.37,0.81,5043.291,554.283,1,1,1,2.29,1.55,0.74,0.48,,6.01,,,0.08,,,,3.43,4.26,-0.83,-0.19,0.04,1.21,0.05,,1,1,1,1,1.65,2.33,-0.68,-0.29,,,,,9.06,11.36,-2.3,-0.2,1,2,1,2,1,1,0,1,0,0,0,1,0,0,0,0,0,1,0,0,0,1975,1,0,2015,1,1031.2,684.3,645.3,385.9,0.6,,,,,15.4,5.8,-9.6,-0.62,36117637,39871528,3753891,1191.882021,1275.888896,0.96969697
Angola,LM,Sub-Saharan Africa,4.7,5,5.7,7.2,-0.7,-0.12,7,7.5,8.7,11,2.5,2.6,2.8,3.7,4.7,5.65,9,8.02,8.14,7.86,7.67,6.89,6.9,6.22,5.44,4.68,-2.02,-0.263363755,81.6,,,,,0,1,0,,0.02,,,,0.61,,,,0.01,,,,0.03,,,0.01,0.01,,,1,1,1,1,,,,,,,,,0.05,0.03,0.02,0.67,,,,,0,0,1,1,1,1,1,1,1,1,1,1,1,0,0,0,0,2012,0,1,,1,195.5,168.1,158.3,37.2,0.23,,,,,16.8,8.3,-8.5,-0.51,23369131,27859305,4490174,1332.040467,1392.96525,0.877192982
Antigua and Barbuda,H,Latin America & Caribbean,0.5,0.8,0.3,1.2,0.5,1.67,0,0,0.5,2.4,0.9,1.5,0,0,,8.45,8.45,8.5,8.3,7.91,7.81,7.9,8.24,8.19,8.34,8.81,0.64,0.081946223,47.2,,,,,1,0,0,,1.13,,,,13.55,,,,1.13,,,,1.13,,,1.13,10.16,1.13,0,1,1,1,0,,0,,,,0,,, ,124.22,,,,,,,0,0,0,0,0,0,0,0,0,0,0,0,0,0,0,0,0,,0,0,,0,1105.1,1065.9,1041.5,63.6,0.06,,,,,,,,,94661,99923,5262,0.283983,0.799384,
Argentina,H,Latin America & Caribbean,9.2,8.8,8.7,9,0.1,0.01,15.1,14.5,14.3,14.4,3.5,3.4,3.3,3.9,,8.42,7.93,8.2,8.35,8.11,8.15,8.33,8.41,8.16,7.75,7.53,0.27,0.033128834,32.5,,,,,0,1,1,,,,,,,,,,,,,,,,,0.13,,,,1,1,1,1,,2.08,,,,,,, ,26.29,,,,,,,1,1,1,1,1,1,1,1,0,1,1,1,1,1,0,0,0,1997,1,0,2016,0,1389.8,1244.5,1238,151.8,0.12,,,,,4.9,3.4,-1.5,-0.31,41223889,43417765,2193876,3586.478343,3820.76332,1.011494253
Armenia,UM,Europe & Central Asia,6.6,7,6,4.4,1,0.17,10.8,11.5,10.1,7.4,2.8,3,2.4,1.7,3.77,3.84,3.97,3.72,3.84,4.06,4.23,3.97,3.96,4,4.01,4.25,-0.39,-0.092198582,40.3,3.38,0.88,896.376,233.376,1,0,0,5.9,4.04,1.86,0.46,,10.42,,,,0.13,,,,0.39,,,0.32,0.87,0.13,0,1,1,1,0,2.51,1.46,1.05,0.72,,0,,,47.52,46.37,1.15,0.02,1,1,0,2,1,1,1,1,1,1,1,1,1,0,1,1,1,0,1,0,1,,0,0,,0,883.2,265.2,345.7,537.5,1.55,22.91530037,20.41220093,-2.503099442,-11%,4.7,7,2.3,0.49,2877311,2916950,39639,172.63866,204.1865,1.166666667
Australia,H,East Asia & Pacific,13.2,13.8,12.5,12.3,1.3,0.1,19.5,20.4,18.6,18.6,7,7.2,6.3,6,9.71,9.52,9.71,9.87,10.03,10.3,10.52,10.62,10.76,10.56,10.31,10.3,-1,-0.095057034,45.3,7.64,0.09,28805.856,339.336,1,1,1,9.16,12.76,-3.6,-0.28,70.91,69.54,1.37,0.02,8.56,,,,16.68,62.48,-45.8,-0.73,0.07,4.65,,0.66,1,1,1,1,325.47,28.91,296.56,10.26,9.95,10.15,-0.2,-0.02,7.93,10.02,-2.09,-0.21,2,0,2,2,1,1,0,1,0,0,1,0,0,0,1,1,0,1,1,1,1,1985,1,0,2016,0,4491.6,3770.4,3593.1,898.5,0.25,,,,,0.1,0,-0.1,-1,22031750,23850784,1819034,2753.96875,3291.408192,1.104
Austria,H,Europe & Central Asia,15.6,16,16,17.3,0,0,23.9,24.9,25,26.6,7.7,7.5,7.5,8.6,,11.4,12.2,11.6,12.1,11.9,12.1,11.3,12,12.5,12.4,12.4,-0.7,-0.05785124,42.5,,,,,1,1,0,,19.71,,,,,,,,,,,,79.88,,,0.08,,0.29,3.05,1,1,1,1,19.53,14.39,5.14,0.36,54.92,29.95,24.97,0.83,26.8,21.31,5.49,0.26,2,2,2,1,1,1,0,0,0,0,0,0,0,0,0,0,0,0,0,0,0,2016,0,0,,0,5138.2,4392.2,4243.9,894.3,0.21,2.828099966,3.727200031,0.899100065,32%,0,0,0,,8363404,8642699,279295,1338.14464,1382.83184,1
Azerbaijan,UM,Europe & Central Asia,2.6,2.7,3.1,3.2,-0.4,-0.13,4.2,4.3,5,5.2,1.1,1.1,1.2,1.3,0.39,0.84,1.95,2.04,1.98,1.94,1.9,1.9,1.15,0.98,0.87,0.74,-1.06,-0.557894737,36.9,2.5,0.85,1892.25,643.365,1,1,1,3.72,5.08,-1.36,-0.27,6.4,8.84,-2.44,-0.28,0.07,,,,0.38,,,,0.12,0.08,0.06,0.08,1,1,1,1,0.42,0.78,-0.36,-0.46,10.11,11.33,-1.22,-0.11,32.58,34.43,-1.85,-0.05,0,1,0,0,1,1,0,1,0,1,1,1,0,0,1,1,0,1,1,1,1,1996,1,0,2016,0,1191.3,756.9,768.7,422.6,0.55,,,,,,,,,9054332,9649341,595009,280.684292,260.532207,0.870967742
"Bahamas, The",H,Latin America & Caribbean,1.7,1.8,2,2.2,-0.2,-0.1,3,3,3.4,3.8,0.5,0.5,0.6,0.7,,8.65,8.62,8.55,8.86,8.94,8.75,8.63,9.53,10.02,10.29,10.64,-0.1,-0.011428571,43.5,,,,,,,,,,,,,,,,,,,,,,,,,,,,1,1,1,1,,,,,,,,, ,,,,,,,,0,0,1,1,1,1,1,1,1,1,1,1,1,0,0,0,0,1992,1,0,2006,0,1699.1,1733,1670.4,28.7,0.02,,,,,,,,,360832,386838,26006,7.21664,6.963084,
Bahrain,H,Middle East & North Africa,5.9,5.9,5.2,7,0.7,0.13,8.4,8.3,6.9,9.9,1.9,2,2.4,2.7,2.08,2.16,2.12,2.12,2.02,1.86,2.1,2.1,2.16,2.16,2.2,2.15,0.06,0.028571429,29.5,,0.04,,49.568,0,1,1,4.84,8.18,-3.34,-0.41,22.69,29.12,-6.43,-0.22,0.74,0.87,-0.13,-0.15,0.74,0.5,0.24,0.48,0.12,0.62,0.25,0,1,1,1,0,,0,,,,,,,16.81,28,-11.19,-0.4,2,2,0,2,1,1,0,0,0,0,0,0,0,0,0,0,0,0,1,0,0,,0,0,,0,2453.2,1239.2,1306.4,1146.8,0.88,,,,,,,,,1240862,1371855,130993,64.524824,80.939445,1.134615385
Bangladesh,LM,South Asia,5.9,6.1,6.4,6.3,-0.3,-0.05,4.7,4.7,4.3,4.5,7,7.4,8.5,8.2,,0.01,0.01,0.01,0.01,0.01,0.01,0.01,0.01,0,0,0,0,0,36.8,0.44,0.36,31.24,25.56,0,1,1,0.13,0.07,0.06,0.86,0.27,0.2,0.07,0.35,0,0,0,,0.03,0.01,0.02,2,0,0.04,0,0.01,0,1,0,1,0.24,0.55,-0.31,-0.56,2.9,0.78,2.12,2.72,0.32,0.3,0.02,0.07,1,1,0,1,1,1,1,1,1,1,1,1,1,1,1,1,1,0,0,0,0,1990,1,0,2014,1,88,71,64.2,23.8,0.37,,,,,69.6,59.5,-10.1,-0.15,152149102,161200886,9051784,9737.542528,9833.254046,0.953125
Barbados,H,Latin America & Caribbean,0.8,0.7,2.1,3.7,-1.4,-0.67,1,1,3,3.9,0.5,0.5,1.3,3.4,,9.15,8.97,8.88,8.79,8.49,8.45,8.55,8.83,8.43,8.6,8.17,0.7,0.082840237,46.9,,,,,1,0,1,,4.29,,,,41.71,,,,1.95,,,,9.35,,,0.39,5.46,0,0.39,1,1,0,1,4.2,3.12,1.08,0.35,5.59,7.02,-1.43,-0.2,192.27,209.31,-17.04,-0.08,,,,,1,1,1,1,1,1,1,1,0,0,1,1,1,0,0,0,0,,0,0,,0,1233.6,1140.4,1042.3,191.3,0.18,,,,,,,,,279569,284217,4648,5.870949,1.989519,
Belarus,UM,Europe & Central Asia,26.2,26.3,38.2,45.1,-11.9,-0.31,46.9,47,68.1,80,8.2,8.3,12.3,14.5,10.05,10.09,11.71,12.37,14.14,15.05,13.88,13.97,14.54,13.86,12.53,11.05,-3.79,-0.273054755,34.1,,,,,1,1,1,7.66,8.77,-1.11,-0.13,24.13,22.4,1.73,0.08,0.65,0.22,0.43,1.95,3.3,3.42,-0.12,-0.04,0.15,0.15,0.26,,1,1,1,1,3.28,4.69,-1.41,-0.3,,,,,67.69,58.51,9.18,0.16,2,2,2,2,1,1,1,1,0,1,1,1,1,0,1,1,1,1,1,1,1,2001,1,0,2016,0,1084.6,774,809.7,274.9,0.34,,,,,1.4,0.5,-0.9,-0.64,9490583,9489616,-967,3625.402706,2495.769008,0.688481675
Belgium,H,Europe & Central Asia,20.7,20.1,21.3,21.2,-1.2,-0.06,27.8,27,29.3,30.6,13.8,13.4,13.6,12.1,,10.36,10.57,10.33,10.09,10.14,10.27,10.1,10.51,13.43,10.94,12.21,0.09,0.008763389,42.1,,,,,1,1,1,20.32,,,,,0.04,,,,0.89,,,,1.34,,,0.64,0.83,1.27,,1,1,1,1,30.44,25.59,4.85,0.19,,,,,137.89,134.47,3.42,0.03,2,2,1,1,1,1,0,0,0,0,0,1,0,0,0,0,0,0,0,0,0,,0,0,,0,4782.4,4158.2,3980,802.4,0.2,4.634799957,4.30039978,-0.334400177,-7%,0,0,0,,10895586,11274196,378610,2320.759818,2266.113396,0.943661972
Belize,UM,Latin America & Caribbean,4.7,4.8,4.9,4.9,-0.1,-0.02,7.9,7.9,8,8,1.6,1.7,1.9,1.9,,6.2,6.17,6.17,6.28,6.26,6.38,6.45,6.86,6.93,6.22,6.06,-0.18,-0.028213166,47.3,,,,,0,1,1,0.59,0.96,-0.37,-0.39,5.3,7.67,-2.37,-0.31,0.59,0,0.59,,0.29,0,0.29,,0,2.88,0,0.32,0,1,0,1,4.71,1.28,3.43,2.68,11.77,11.5,0.27,0.02,0,0,0,,2,2,2,1,1,1,1,1,0,1,1,1,0,0,1,1,1,0,0,0,0,,0,0,,0,523.7,441.7,448.8,74.9,0.17,,,,,,,,,321608,359288,37680,15.758792,17.245824,
Benin,L,Sub-Saharan Africa,9.9,9.9,9.6,9.7,0.3,0.03,13.9,13.9,13.4,13.5,5.9,6,5.9,6.1,,1.55,1.6,1.45,1.42,1.44,1.37,1.21,1.34,1.2,1.26,1.22,0.18,0.131386861,37.3,,,,,0,0,0,0.11,0.14,-0.03,-0.21,0.29,0.22,0.07,0.32,0.03,0.01,0.02,2,0.04,0.02,0.02,1,0.02,0.16,0,0.04,1,1,0,1,0.43,0.22,0.21,0.95,2.83,5.43,-2.6,-0.48,0.94,2.17,-1.23,-0.57,1,2,2,0,0,0,1,0,0,1,1,1,0,0,0,0,1,1,0,1,0,2008,1,0,2013,1,84.5,77.3,73.3,11.2,0.15,,,,,59.6,62.8,3.2,0.05,9199259,10575952,1376693,883.128864,1047.019248,1.03125
Bhutan,LM,South Asia,11.4,11.6,11.1,12.2,0.5,0.05,14,14.1,13.4,14.9,8.5,8.7,8.4,9.2,,,,0.19,0.4,0.18,1.16,0.22,0.3,0.2,0.33,1.1,,,37.8,,,,,0,1,1,,0.28,,,,78.48,,,,0,,,,0,,,0,4.38,0,0,0,1,0,0,20.9,,,,,0,,,21.83,0,21.83,,0,1,1,0,1,1,1,1,1,1,1,1,1,1,1,1,1,1,1,1,0,2015,0,0,,0,287.1,205,200,87.1,0.44,,,,,30.2,17.4,-12.8,-0.42,727641,787386,59745,80.768151,91.336776,
Bolivia,LM,Latin America & Caribbean,12.2,12.4,14.1,15.3,-1.7,-0.12,15.8,15.9,17.7,19.2,8.6,8.8,10.4,11.4,3.57,3.61,3.69,3.73,3.82,3.86,3.9,3.83,3.75,3.47,3.22,2.85,-0.29,-0.074358974,46.5,,,,,0,1,0,,1.06,,,,0.34,,,,0.25,,,,0.46,,,0.09,0.39,0.12,0.01,1,1,1,1,,,,,,0.26,,,9.37,9.53,-0.16,-0.02,1,1,0,0,0,0,0,0,0,0,0,0,0,0,0,0,0,0,0,0,0,,0,0,,0,445.8,283.5,270,175.8,0.65,,,,,40.9,32.9,-8,-0.2,9918242,10724705,806463,1398.472122,1329.86342,0.879432624
Bosnia and Herzegovina,UM,Europe & Central Asia,8.8,8.9,8,9.3,0.9,0.11,14.1,14.3,12.9,15,3.6,3.7,3.3,3.7,4.44,4.33,4.34,4.43,4.69,4.65,4.5,4.71,5.09,5.11,4.78,4.53,-0.17,-0.037777778,41.8,,,,,1,1,1,4,4.95,-0.95,-0.19,12.94,18.49,-5.55,-0.3,1.39,0.24,1.15,4.79,3.16,1.36,1.8,1.32,0.16,1.36,0.13,0.05,1,1,1,1,,11.09,,,,0.43,,, ,12.42,,,,,,,1,1,0,0,0,1,0,1,0,0,0,0,0,1,1,1,1,,0,0,,0,1101.8,908.8,842.5,259.3,0.31,,,,,2.2,1.4,-0.8,-0.36,3722084,3535961,-186123,297.76672,314.700529,1.1125
Botswana,UM,Sub-Saharan Africa,9.3,9.7,11.1,12.6,-1.4,-0.13,14.2,14.8,17.1,20.4,4.5,4.6,5.3,5,,6.22,5.47,4.72,5.13,6,5.61,5.3,7.46,6.84,7.13,6.15,0.61,0.108734403,59.4,,,,,1,1,1,0.29,0.25,0.04,0.16,12.17,4.05,8.12,2,0.39,0.35,0.04,0.11,0.39,1.52,-1.13,-0.74,0.1,0.86,0,0,1,1,0,0,4.91,5.01,-0.1,-0.02,0,0,0,,7.11,16.79,-9.68,-0.58,0,2,2,1,1,1,1,1,0,1,1,1,1,0,0,1,1,0,0,0,0,2011,0,1,,1,970,856.5,784.3,185.7,0.24,,,,,28.1,26.4,-1.7,-0.06,2014866,2209197,194331,223.650126,214.292109,0.873873874
Brazil,UM,Latin America & Caribbean,6.5,6.5,5.7,5.5,0.8,0.14,10,9.9,8.7,8.5,3.1,3.2,2.8,2.5,6.31,6.97,7.17,7.1,7.31,7.43,7.38,7.21,7.09,7.08,7,6.85,-0.41,-0.055555556,48.1,2.38,0.32,2785.79,374.56,1,1,1,3.49,3.07,0.42,0.14,3.05,1.6,1.45,0.91,1.72,1.02,0.7,0.69,3.22,9.6,-6.38,-0.66,0.11,0.44,0.79,0.29,1,1,1,1,0.4,1.31,-0.91,-0.69,0.95,2.31,-1.36,-0.59,11.64,18.13,-6.49,-0.36,2,2,2,2,1,1,1,0,0,1,1,1,0,0,0,0,1,1,0,0,0,2007,1,0,,0,1391.5,1170.5,1135.9,255.6,0.23,,,,,14.2,11.2,-3,-0.21,196796269,205962108,9165839,11217.38733,13387.53702,1.140350877
Brunei Darussalam,H,East Asia & Pacific,4.6,4.5,3.7,3.3,0.8,0.22,6.4,6.2,5.3,4.8,2.7,2.6,2,1.7,,0.64,0.64,0.64,0.65,0.94,0.87,0.25,0.66,0.84,0.66,0.16,-0.23,-0.264367816,30.6,,,,,1,0,0,3.31,0.98,2.33,2.38,14.89,13.27,1.62,0.12,0.24,0,0.24,,0.95,0,0.95,,0,1.47,0.74,0,0,1,1,0,9.45,9.83,-0.38,-0.04,2.36,0,2.36,,0,0,0,,0,1,0,0,0,0,0,0,0,0,0,0,0,0,0,0,0,1,1,0,0,,0,0,,0,2083.4,1536.8,1798.1,285.3,0.16,,,,,,,,,388662,417542,28880,14.380494,18.78939,
Bulgaria,UM,Europe & Central Asia,11.5,11.4,12.5,13.4,-1.1,-0.09,18.2,18.1,19.4,20.3,5.1,5.1,6,6.7,11.49,11.3,10.67,10.74,11.3,11.05,10.83,10.96,11.01,10.92,10.42,10.53,0.47,0.043397969,50.6,1.4,,1563.24,,0,1,1,,6.75,,,,431.01,,,,0.36,,,,0.91,,,0.16,5.04,,3.43,1,1,1,1,13.64,32.61,-18.97,-0.58,0,,,,34.01,36.08,-2.07,-0.06,2,1,0,2,0,0,1,1,0,1,0,1,1,0,1,0,1,0,0,0,0,1973,1,0,2016,0,1491.9,1116.6,1059.5,432.4,0.41,4.543300152,3.894099951,-0.649200201,-14%,2.7,3,0.3,0.11,7395599,7177991,-217608,924.449875,818.290974,0.912
Burkina Faso,L,Sub-Saharan Africa,7.7,7.7,7.5,7.6,0.2,0.03,10.2,10.2,10.3,10.6,5.3,5.3,4.8,4.7,,4.87,4.85,4.63,4.64,4.51,4.65,4.57,4.47,4.58,4.72,4.91,0.22,0.047311828,46.3,,,,,0,0,0,0.05,0.04,0.01,0.25,0.56,,,,0.01,0.01,0,0,0.03,0.02,0.01,0.5,,0,0,,1,0,0,1,1.02,,,,0,,,,0,,,,0,0,0,0,1,1,1,1,0,1,1,1,1,0,1,1,1,0,1,0,0,,0,0,,0,96.1,76.6,82.2,13.9,0.17,,,,,79.7,77.3,-2.4,-0.03,15605217,18110624,2505407,1170.391275,1394.518048,1.026666667
Burundi,L,Sub-Saharan Africa,9.1,8.9,9,8.4,-0.1,-0.01,13.4,13.1,12.9,11.5,4.9,4.8,5.2,5.5,,,,,,4.16,4.16,4.05,4.33,4.54,4.5,5.54,,,52.6,0.34,,25.942,,0,1,0,0.01,0.01,0,0,0.29,0.02,0.27,13.5,0.1,,,,0.08,0.01,0.07,7,0.01,0.04,0.04,0.01,1,1,1,1,,,,,,,,,1.24,0.76,0.48,0.63,0,0,0,0,0,0,1,1,0,1,1,1,1,0,1,0,1,0,1,0,1,,0,0,,0,63.7,76.3,84.6,-20.9,-0.25,,,,,99.6,98.9,-0.7,-0.01,8766930,10199270,1432340,789.0237,907.73503,0.988888889
Cabo Verde,LM,Sub-Saharan Africa,11.3,11,11.1,10.1,-0.1,-0.01,16.5,16.1,15.7,14.2,6.1,6.1,6.6,6.1,,4.12,3.88,3.53,4.98,5.06,4.73,4.45,4.18,5.32,4.3,4.38,-0.61,-0.128964059,41.9,,,,,0,1,0,,1.37,,,,2.93,,,,0.2,,,,3.51,,,0,4.68,,,0,1,1,1,,9.36,,,,,,, ,0,,,,,,,0,0,1,1,0,1,1,1,1,0,1,1,1,0,0,0,0,2016,0,0,,0,310.4,258,255.6,54.8,0.21,,,,,20.9,20,-0.9,-0.04,502384,532913,30529,55.764624,58.62043,
Cambodia,LM,East Asia & Pacific,5.3,5.3,5.4,5.9,-0.1,-0.02,7.8,7.8,7.8,8.3,2.9,2.9,3.2,3.6,3.5,3.32,3.04,2.78,2.5,2.38,2.14,1.41,1.34,1.28,1.17,1.1,1.18,0.551401869,37.3,,,,,0,1,1,,0.23,,,,0.8,,,,,,,,,,,0,0.42,0.01,0,0,1,1,0,0.07,0.1,-0.03,-0.3,0,0,0,,0,0,0,,0,0,0,0,1,1,0,1,0,1,1,1,0,0,0,0,0,1,1,0,0,2013,0,1,,1,209.6,199.5,171.3,38.3,0.22,,,,,,,,,14308740,15517635,1208895,772.67196,822.434655,0.981481481
Cameroon,LM,Sub-Saharan Africa,12.2,12.3,11.7,11.9,0.6,0.05,17.1,17.3,16.4,16.4,7.4,7.3,6.9,7.3,,6.5,6.71,6.67,6.35,6.12,6.17,6.08,5.57,5.33,5.26,5.2,0.33,0.053484603,47.4,0.26,0.43,26.234,43.387,0,0,0,,0.03,,,,0.15,,,,,,,,,,,0.01,0.05,,0.03,1,1,1,1,,0.05,,,,0.8,,, ,0.58,,,1,1,0,0,0,0,0,0,0,1,1,1,0,0,0,0,1,0,0,0,0,,0,0,,0,162.8,100.9,129.7,33.1,0.26,,,,,44.1,42.7,-1.4,-0.03,19970495,22834522,2864027,2336.547915,2808.646206,1.051282051
Canada,H,North America,12.5,12.5,13,13.2,-0.5,-0.04,18.1,18.2,19,19.5,7,7,7.1,6.9,8.2,8,8.1,8.2,8.3,8.2,8.4,8.4,8.3,8.3,8.2,8,-0.4,-0.047619048,32.9,7.2,,30411.36,,1,1,0,13.42,12.61,0.81,0.06,53.31,65,-11.69,-0.18,117.79,,,,47.42,46.56,0.86,0.02,,,,,1,1,1,1,,,,,,,,, ,31.38,,,2,2,2,2,1,1,0,0,0,0,0,1,0,0,1,1,1,1,1,0,1,,0,0,,0,4600.1,4223.8,4207.7,392.4,0.09,5.517499924,4.857999802,-0.659500122,-12%,0,0,0,,34005274,35832513,1827239,4420.68562,4479.064125,0.961538462
Central African Republic,L,Sub-Saharan Africa,7.7,8.1,9.5,8.8,-1.4,-0.15,11.5,11.9,13.9,13,4,4.3,5.1,4.8,,1.68,1.59,1.46,1.72,1.77,1.82,1.62,1.71,1.68,1.63,1.66,-0.14,-0.076923077,77.3,,,,,0,0,0,,0.02,,,,0.07,,,,0.04,,,,0.04,,,0,0.02,0,0,0,1,0,0,0.68,0.53,0.15,0.28,,0,,,0.71,0,0.71,,,,,,0,0,1,1,0,1,1,1,1,0,1,1,0,0,0,0,0,1966,1,0,2016,0,31.9,34.8,33.1,-1.2,-0.04,,,,,,,,,4448525,4546100,97575,422.609875,368.2341,0.852631579
Chad,L,Sub-Saharan Africa,8.8,8.9,8.7,8.5,0.2,0.02,10.3,10.2,9.5,9.2,7.4,7.5,7.9,7.8,,0.69,0.68,0.63,0.63,0.6,0.55,0.5,0.49,0.45,0.44,0.43,0.14,0.254545455,34.8,,,,,0,1,0,,0.01,,,,0.03,,,,0.01,,,,0.01,,,0,0.01,0,0,0,1,0,0,,0.02,,,,0,,, ,0,,,,,,,0,0,1,1,1,1,1,1,0,1,1,1,1,1,0,1,0,,0,0,,0,99.8,73,76.8,23,0.3,,,,,55.8,53.5,-2.3,-0.04,11887202,14009413,2122211,1034.186574,1246.837757,1.022988506
Chile,H,Latin America & Caribbean,10.6,10.9,12.2,10.6,-1.3,-0.11,17.2,17.5,19.9,17.8,4,4.4,4.7,3.5,,7.89,7.92,7.23,8.35,7.02,7.55,7.67,7.31,7.39,7.33,7.57,0.34,0.045033113,32,2.78,0.12,3847.52,166.08,0,1,0,4.66,0.99,3.67,3.71,1.59,,,,2.18,,,,5.19,,,,0.02,0.79,0.26,1,1,1,1,1,5.82,2.57,3.25,1.26,9.13,8.33,0.8,0.1,6.55,2.16,4.39,2.03,,,,,1,1,1,0,0,1,0,1,0,0,0,1,0,0,0,0,0,2010,0,1,2015,1,1903.1,1384,1243.7,659.4,0.53,7.129300117,5.125599861,-2.003700256,-28%,8,5.8,-2.2,-0.28,16993354,17762681,769327,2073.189188,1936.132229,0.893442623
China,UM,East Asia & Pacific,9.7,9.6,10.9,11.7,-1.3,-0.12,9.1,8.9,9.3,10.1,10.3,10.3,12.5,13.4,5.74,5.74,5.81,5.81,5.74,5.65,5.75,4.88,4.27,3.88,3.28,2.92,-0.01,-0.00173913,40.7,,,,,0,1,1,,1.53,,,,2.65,,,,,,,,0.18,,,0.06,,,,1,1,1,1,,1,,,,,,,16.77,13.72,3.05,0.22,1,2,1,2,0,0,0,0,0,0,0,0,0,0,0,0,0,1,1,0,0,,0,0,,0,762.2,468.4,407,355.2,0.87,,,,,31.9,27.6,-4.3,-0.13,1337705000,1371220000,33515000,145809.845,131637.12,0.880733945
Colombia,UM,Latin America & Caribbean,7.2,8.3,7.2,6.7,1.1,0.15,11.6,13.4,11.7,10.5,2.8,3.3,2.7,3,4.46,4.43,4.3,4.33,4.35,4.29,4.21,4.26,4.36,4.56,4.44,4.27,0.22,0.052256532,39.9,,,,,,,,2.53,,,,,,,,,,,,10.74,,,,,,,,1,1,1,1,,,,,0,,,,8.72,,,,0,2,2,1,1,1,1,0,0,0,0,1,0,0,0,0,1,0,0,0,0,2010,0,1,2016,1,852.8,683.1,656.2,196.6,0.3,13.75319958,11.82079983,-1.93239975,-14%,21.1,14.3,-6.8,-0.32,45918097,48228697,2310600,3306.102984,4002.981851,1.152777778
Comoros,L,Sub-Saharan Africa,6.8,6.8,6.6,6.5,0.2,0.03,9.9,9.9,9.7,9.4,3.6,3.6,3.4,3.6,,,,0.25,0.11,0.12,0.15,0.17,0.12,0.16,0.25,0.24,,,6.7,,,,,1,1,0,,0.14,,,,0.43,,,,0,,,,0,,,0,0,0.43,0,0,0,1,0,,0.43,,,,0,,, ,0,,,,,,,0,0,0,0,0,0,0,0,0,0,0,0,0,0,0,0,0,,0,0,,0,121,134,121.1,-0.1,0,,,,,59.9,52.1,-7.8,-0.13,689692,777424,87732,45.519672,52.864832,
"Congo, Rep.",LM,Sub-Saharan Africa,5.9,6.1,7.4,9.1,-1.3,-0.18,8.4,8.7,10.2,12.5,3.3,3.5,4.5,5.7,,4.86,4.93,4.71,4.46,4.34,4.12,3.5,3.25,3.13,2.84,2.42,0.74,0.17961165,82.6,,,,,0,0,0,,0.03,,,,0.45,,,,0.03,,,,0.11,,,0,0,,,0,0,1,1,0.92,0.93,-0.01,-0.01,,,,,1.05,,,,,,,,0,0,0,0,0,0,0,0,0,0,0,0,0,1,1,0,0,,0,0,,0,202.7,99,102.9,99.8,0.97,,,,,37.5,49.5,12,0.32,4386693,4995648,608955,324.615282,304.734528,0.824324324
Costa Rica,UM,Latin America & Caribbean,7.9,7.9,8.6,7.9,-0.7,-0.08,13.5,13.4,14.7,13.3,2.4,2.4,2.5,2.4,3.7,3.63,3.56,3.53,3.43,3.49,3.65,4.15,4.3,4.26,4.2,4.14,-0.02,-0.005479452,38,2.91,0.67,3291.21,757.77,0,1,1,,2.33,,,,3.92,,,,1.64,,,,1.79,,,0.04,0.82,0.04,0.75,1,1,1,1,0.77,1.88,-1.11,-0.59,,3.79,,,6.08,20.99,-14.91,-0.71,0,2,2,2,1,1,1,0,0,1,0,1,0,0,0,0,1,1,0,1,0,,0,0,,0,1286.5,1131,1031.2,255.3,0.25,5.227900028,4.293700218,-0.93419981,-18%,10,8.2,-1.8,-0.18,4545280,4807852,262572,390.89408,379.820308,0.918604651
Cote d'Ivoire,LM,Sub-Saharan Africa,14.5,14.4,12.7,11.2,1.7,0.13,20.6,20.5,18.3,16.3,8.3,8.2,6.9,5.9,,4.79,4.67,4.56,4.69,4.61,4.77,4.24,4.18,3.69,3.88,4.69,0.02,0.004192872,46.6,,,,,0,1,1,0.1,0.16,-0.06,-0.38,0.02,,,,0.05,0.05,0,0,,0.02,,,0.01,0.04,0.02,0.01,1,1,1,1,0.05,,,,0,,,,1.2,,,,,,,,1,1,0,0,0,1,0,1,0,0,0,0,1,0,0,0,0,1964,1,0,1999,0,189.6,151.9,162,27.6,0.17,,,,,,,,,20401331,23108472,2707141,2590.969037,3327.619968,1.133858268
Croatia,H,Europe & Central Asia,16.5,17.8,18.6,20.2,-0.8,-0.04,25.6,26.8,28.4,31.1,7.9,9.4,9.4,10.1,10.32,9.89,10.64,11.64,11.92,12.43,12.11,12.07,12.3,12.28,11.84,11.58,-2.22,-0.183319571,46.3,,0.56,,903.112,1,1,1,,10.25,,,,35.56,,,,1.02,,,,2.9,,,0.16,3.38,0.41,,1,1,1,1,19.71,19.48,0.23,0.01,,,,,78.98,76.04,2.94,0.04,2,2,2,1,1,1,1,1,0,1,0,1,0,0,0,0,1,0,1,0,1,2010,0,1,,1,1656.4,1612.7,1601.7,54.7,0.03,8.777600288,9.294199944,0.516599655,6%,0.5,0.3,-0.2,-0.4,4417781,4203604,-214177,821.707266,748.241512,0.956989247
Cuba,UM,Latin America & Caribbean,13.9,13.7,14.4,13,-0.7,-0.05,22.1,21.8,22.7,19.4,5.8,5.6,6.1,6.5,4.59,4.6,4.48,4.32,4.15,4.15,4.1,4.04,4.28,4.13,4.19,4.49,0.5,0.12195122,43.4,,,,,1,1,1,10.26,10.85,-0.59,-0.05,29.45,29.6,-0.15,-0.01,8.63,3.05,5.58,1.83,,1.98,,,0.21,3.59,0.42,,1,1,1,1,10.22,10.27,-0.05,0,0,,,,56.59,58.06,-1.47,-0.03,2,2,2,2,1,1,1,1,0,1,1,1,1,0,1,1,1,0,0,0,0,,0,0,,0,2478.8,2236.2,2118.9,359.9,0.17,,,,,,,,,11333051,11461432,128381,1631.959344,1570.216184,0.951388889
Cyprus,H,Europe & Central Asia,5.3,4.9,5.7,2.6,-0.8,-0.14,8.2,7.3,8.7,3.7,2.3,2.5,2.7,1.5,,9.55,9.59,9.04,10.56,10.7,11.32,10.81,12.03,11.58,11.48,11.41,-1.77,-0.156360424,40.8,4.82,0.29,10685.458,642.901,1,1,1,2.69,6.82,-4.13,-0.61,20.55,42.17,-21.62,-0.51,0.17,,,,2.69,28.99,-26.3,-0.91,0.11,4.09,0.57,0.11,1,1,1,1,4.51,5.23,-0.72,-0.14,,0.34,,,10.49,16.26,-5.77,-0.35,0,1,1,1,1,1,1,0,0,1,0,1,0,0,1,1,1,0,0,0,0,2004,1,0,2013,1,2136.8,2216.9,2116.6,20.2,0.01,6.633900166,13.74510002,7.111199856,107%,0.1,0.4,0.3,3,1112607,1160985,48378,63.418599,56.888265,0.859649123
Czech Republic,H,Europe & Central Asia,13.1,13.7,15.4,16.5,-1.7,-0.11,21.4,22.6,26,27.6,5.1,5,5.2,6,12.99,12.82,13.06,12.84,12.97,12.61,12.65,13.31,13.35,13.35,13.12,13.26,0.17,0.013438735,55.9,2.91,,5852.01,,0,1,0,,11.85,,,,28.24,,,,0.9,,,,2.03,,,0.18,7.92,0.74,,1,1,1,1,11.73,13.41,-1.68,-0.13,,,,,82.37,91.64,-9.27,-0.1,2,2,2,2,1,1,1,0,0,1,0,1,1,0,1,0,1,1,1,1,1,2002,1,0,2014,1,2469.9,2011,1922.8,547.1,0.28,,,,,0,0,0,,10474410,10546059,71649,1613.05914,1444.810083,0.88961039
Democratic People's Republic of Korea,L,East Asia & Pacific,11.2,11.4,11.9,10.9,-0.5,-0.04,14.1,14.3,14.6,13,8.5,8.7,9.3,8.9,,3.35,3.35,3.35,3.61,3.39,3.12,3.35,3.16,3.13,3.28,3.2,0.23,0.073717949,33.5,,,,,,,,,,,,,,,,,,,,,,,,,,,,1,1,1,1,,,,,,,,, ,,,,,,,,0,0,0,0,0,0,0,0,0,0,0,0,0,0,0,0,0,,0,0,,0,,,,0,#DIV/0!,,,,,,,,,64523263,76196619,11673356,7678.268297,8686.414566,0.957983193
Democratic Republic of the Congo,L,Sub-Saharan Africa,5.7,5.6,5.5,6.1,0.1,0.02,8.4,8.3,8.2,8.9,2.9,2.9,2.9,3.4,,1.39,1.58,1.62,1.72,1.65,1.67,1.17,1.26,1.08,0.77,0.7,-0.28,-0.167664671,77.1,,,,,0,1,1,0.1,0.07,0.03,0.43,0.25,0.24,0.01,0.04,0.03,0.02,0.01,0.5,0.02,0.01,0.01,1,0.01,0,0,0,1,0,0,0,,,,,0,0,0,,0.43,0.74,-0.31,-0.42,,,,,0,0,0,0,0,0,0,0,0,0,0,0,0,0,0,0,0,,0,0,,0,34,22.2,24.1,9.9,0.41,,,,,,,,,24591599,25243917,652318,1352.537945,1413.659352,1.018181818
Denmark,H,Europe & Central Asia,12.8,11.9,12.7,16.2,-0.8,-0.06,17.3,15.5,16.8,21,8.2,8.4,8.7,11.4,9.55,9.38,9.53,9.43,9.1,10.22,10.24,10.09,10.71,11,11.02,11.27,-0.86,-0.083984375,40,,,,,1,1,1,9.57,14.12,-4.55,-0.32,60.02,,,,5.66,,,,12.78,,,,,,,,1,1,1,1,52.43,53.91,-1.48,-0.03,,,,,52.28,,,,,,,,1,1,1,0,0,0,0,1,0,0,0,0,1,0,0,0,0,,0,0,,0,5083.2,4535.8,4480.5,602.7,0.13,4.294199944,5.196400166,0.902200222,21%,0,0,0,,5547683,5683483,135800,704.555741,676.334477,0.937007874
Djibouti,LM,Middle East & North Africa,6.7,6.4,5.2,5.9,1.2,0.23,9,8.6,6.8,7.5,4.3,4.1,3.5,4.3,0.36,0.37,0.34,0.52,0.47,0.51,0.5,0.49,0.45,0.46,1.02,1.23,-0.13,-0.26,40.8,,,,,,,,,,,,,,,,,,,,,,,,,,,,1,1,1,1,6.77,,,,,,,,0,,,,,,,,1,1,0,0,0,0,0,0,0,0,0,0,0,0,0,0,0,1969,1,0,1995,0,146.7,128.2,108,38.7,0.36,,,,,,,,,851146,927414,76268,44.259592,59.354496,
Dominican Republic,UM,Latin America & Caribbean,9.9,9.7,8,8.2,1.7,0.21,16.8,16.2,13.1,13.3,3.1,3.1,3,3.2,5.5,6.14,6.02,6.03,6.02,6.01,6.12,6.15,6.21,6.14,6.3,5.79,0.02,0.003267974,46.1,0.61,,391.681,,1,1,0,1.08,1.33,-0.25,-0.19,1.29,,,,0.05,,,,3.99,3.27,0.72,0.22,0.01,0.58,0.01,0.01,1,1,1,1,0.52,0.53,-0.01,-0.02,0,0.02,-0.02,-1,1.24,2.57,-1.33,-0.52,1,2,0,2,0,0,1,1,0,1,1,1,1,0,1,1,1,0,0,0,0,,0,0,,0,873.1,642.1,608.4,264.7,0.44,3.535000086,7.152299881,3.617299795,102%,11.4,8.7,-2.7,-0.24,9897985,10528394,630409,791.8388,1021.254218,1.2125
Ecuador,UM,Latin America & Caribbean,7.1,9.6,8.5,8.9,1.1,0.13,10.3,14.3,12.3,12.7,3.9,4.9,4.8,5.1,3.17,3.67,3.8,3.78,3.92,4,3.96,3.88,3.77,3.64,3.54,3.56,-0.29,-0.073232323,45.8,1.2,0.59,924.96,454.772,0,1,0,1.09,1,0.09,0.09,0.96,0.91,0.05,0.05,0.54,0.38,0.16,0.42,2.53,1.29,1.24,0.96,0.04,0.26,,,1,1,1,1,0.03,0.36,-0.33,-0.92,,0.5,,,9.29,11.87,-2.58,-0.22,0,2,0,0,1,1,1,1,0,1,1,1,0,0,1,1,1,0,0,0,0,,0,0,,0,980.2,770.8,688.9,291.3,0.42,5.918799877,5.710199833,-0.208600044,-4%,19.5,15.3,-4.2,-0.22,14934690,16144368,1209678,1269.44865,1549.859328,1.129411765
Egypt,LM,Middle East & North Africa,4,3.8,3.6,3.4,0.2,0.06,6.4,6,5.7,5.3,1.5,1.5,1.5,1.5,0.18,0.18,0.2,0.2,0.2,0.2,0.21,0.2,0.23,0.2,0.18,0.16,-0.03,-0.142857143,18.5,2.29,,1030.729,,1,1,1,0.69,0.54,0.15,0.28,3.1,2.08,1.02,0.49,0.29,0.23,0.06,0.26,0.12,0.13,-0.01,-0.08,0.04,0.11,0,,1,1,0,1,,0.47,,,,,,,6.56,9.4,-2.84,-0.3,1,1,0,1,1,1,0,0,0,1,0,1,0,0,0,0,1,0,1,0,1,1956,1,0,1976,0,495.2,450.1,421.6,73.6,0.17,,,,,,,,,84107606,93778172,9670566,3027.873816,3563.570536,1.055555556
El Salvador,LM,Latin America & Caribbean,13.7,14,10.8,9.9,3.2,0.3,24.2,24.5,18.1,15.8,4.5,4.6,4.2,4.6,2.68,2.57,2.47,2.36,2.42,2.31,2.29,2.48,2.59,2.73,2.66,2.67,0.28,0.122270742,34.8,,,,,0,0,1,,0.16,,,,0.48,,,,0.05,,,,0.08,,,0.02,0.16,0,,1,1,0,1,0.19,,,,,,,,6.03,0.68,5.35,7.87,1,1,1,0,1,1,1,1,0,1,0,1,0,0,1,0,1,0,0,0,0,,0,0,,0,578.5,505.7,494.5,84,0.17,5.474999905,5.013199806,-0.461800098,-8%,14.6,10.5,-4.1,-0.28,6164626,6312478,147852,665.779608,883.74692,1.296296296
Equatorial Guinea,UM,Sub-Saharan Africa,16.4,16.5,16.7,13.7,-0.2,-0.01,23.5,23.8,24.9,20.4,7.7,7.6,7,6.1,,9.85,10.23,10.16,11.65,10.78,9.76,7.89,8.28,6.81,7.23,7.15,0.09,0.009221311,88.1,,,,,,,,,,,,,,,,,,,,,,,,,,,,1,1,1,1,,,,,,,,, ,,,,,,,,0,0,1,1,1,1,1,1,1,0,1,1,1,0,0,0,0,2000,1,0,2005,0,789.6,463.5,506.2,283.4,0.56,,,,,,,,,951104,1175389,224285,158.834368,193.939185,
Eritrea,L,Sub-Saharan Africa,7.9,8.1,9,10.4,-0.9,-0.1,12.3,12.5,13.8,15.4,3.6,3.7,4.1,5.5,,,,,,0.62,0.61,0.47,0.17,1.23,0.97,1.07,,,42.9,1.91,0.73,97.792,37.376,0,0,0,0,0,0,,0.99,1.07,-0.08,-0.07,0.02,0.02,0,0,0.05,0.04,0.01,0.25,0.02,0.06,0,0,1,1,0,0,,,,,3.06,0,3.06,,2.45,3.06,-0.61,-0.2,,,,,0,0,0,1,0,1,1,1,1,0,1,0,1,0,0,0,0,,0,0,,0,56.2,51.2,51,5.2,0.1,,,,,,,,,4390840,"4,846,976","456,136",395.1756,392.605056,0.9
Estonia,H,Europe & Central Asia,17.8,15.8,18.3,22.5,-2.5,-0.14,30.6,27.6,31.7,39,6.6,5.3,6.6,8.3,15.35,16.64,17.29,17.75,16.96,16.27,14.97,14.32,16.38,17.37,15.83,14.7,1.67,0.111556446,57.4,5.78,0.3,8259.62,428.7,1,0,1,13.87,13.5,0.37,0.03,21.42,,,,1.71,,,,7.79,,,,0.37,,0.22,,1,1,1,1,47.05,,,,0,,,,7.71,,,,1,1,1,1,1,1,0,0,0,1,0,1,0,0,1,1,1,0,0,0,0,2014,0,1,,1,1886.8,1429,1369.7,517.1,0.38,7.802499771,4.218900204,-3.583599567,-46%,7.2,4.7,-2.5,-0.35,1331475,1315407,-16068,243.659925,207.834306,0.863387978
Eswatini,LM,Sub-Saharan Africa,13.3,13.1,11.9,12,1.2,0.1,19.5,19.3,18.2,18.9,7.5,7.2,6,5.6,,7.38,7.46,6.53,5.54,5.95,5.65,5.63,5.62,6.32,6.24,5.03,1.73,0.30619469,60,,,,,1,0,0,,0.17,,,,4.66,,,,0.17,,,,0.25,,,0.08,0,0.83,0,1,0,1,0,0,0,0,,0,0,0,,15.15,12.48,2.67,0.21,1,2,0,0,0,0,0,1,0,0,0,1,0,0,0,1,0,1,1,1,1,,0,0,,0,628.9,615.1,614.3,14.6,0.02,,,,,20.1,21,0.9,0.04,1202843,1319011,116168,143.138317,172.790441,1.100840336
Ethiopia,L,Sub-Saharan Africa,7.2,7.2,7.3,7.9,-0.1,-0.01,11.2,11.2,11.3,12.1,3.1,3.2,3.3,3.7,,1.43,1.43,1.43,1.4,0.86,0.88,0.77,0.44,0.75,0.83,0.65,0.55,0.625,45.2,,0.85,,44.54,0,0,0,,0.04,,,,0.59,,,,0,,,,0.02,,,0,0.07,0,0,0,1,0,0,0.06,0.04,0.02,0.5,0.21,0.2,0.01,0.05,0.31,0.35,-0.04,-0.11,,,,,0,0,0,0,0,1,0,1,0,0,1,0,0,0,0,0,0,,0,0,,0,65.6,52.4,57.9,7.7,0.13,,,,,,,,,87702670,99873033,12170363,6402.29491,7190.858376,0.98630137
Fiji,UM,East Asia & Pacific,5,5,4.8,3.5,0.2,0.04,7.5,7.5,7.2,4.5,2.4,2.4,2.4,2.4,,2.21,2.32,2.3,2.24,2.13,2.25,2.32,1.96,2.1,2.07,2.02,-0.04,-0.017777778,62.4,1.9,1,484.31,254.9,1,0,0,,0.23,,,,4.1,,,,0,,,,0,,,0.12,0.12,0,0,1,1,0,0,2.26,0.12,2.14,17.83,0,0,0,,2.39,15.92,-13.53,-0.85,1,1,0,1,0,0,0,0,0,0,0,0,0,0,0,0,0,1,1,0,0,,0,0,,0,331.4,254.9,266.6,64.8,0.24,,,,,,,,,859950,892149,32199,41.2776,44.60745,
Finland,H,Europe & Central Asia,15.9,14.4,18.9,20.4,-4.5,-0.24,23.9,21.8,28.4,29.6,8.1,7.2,9.8,11.5,8.43,8.51,8.75,9.07,9.27,9.81,9.72,9.96,10.26,10.45,10.15,9.95,-1.21,-0.124485597,39,3.86,,14052.716,,1,1,1,18.37,28.06,-9.69,-0.35,,,,,,,,,56.95,,,,0.04,2.62,,9.02,1,1,1,1,48.61,67.34,-18.73,-0.28,142.08,133.94,8.14,0.06,19.88,8.42,11.46,1.36,2,2,1,2,1,1,0,1,0,0,1,1,0,0,0,1,1,0,1,0,1,2003,1,0,2015,1,3996.4,3640.6,3442.2,554.2,0.16,4.257900238,5.662099838,1.4041996,33%,0,0,0,,5363352,5479531,116179,1013.673528,789.052464,0.761904762
France,H,Europe & Central Asia,17.7,18,20.2,21.1,-2.2,-0.11,23.9,24.4,27.7,29,11.7,11.8,13,13.5,11.74,11.87,11.97,11.64,12.24,12.37,12.33,12.3,12.3,12.6,12.4,12.6,-0.46,-0.03730738,41.5,12.91,,52155.109,,1,1,1,14.12,22.35,-8.23,-0.37,90.86,86.21,4.65,0.05,0,3.83,-3.83,-1,10.77,47.9,-37.13,-0.78,0.6,5.75,3.5,12.76,1,1,1,1,,22.72,,,0,,,,89.65,71.81,17.84,0.25,,,,,1,1,1,0,0,1,0,1,0,0,1,0,1,1,0,1,0,2008,1,0,2013,1,4542.3,4039.9,3881.4,660.9,0.17,5.26429987,6.083799839,0.819499969,16%,0,0,0,,65027507,66593366,1565859,13135.55641,11986.80588,0.891089109
Gabon,UM,Sub-Saharan Africa,7.1,7.3,6.9,6.1,0.4,0.06,10.7,11.1,10.5,9.2,3.2,3.3,3.1,3.1,,9.54,9.54,8.7,8.27,8.65,8.86,8.61,8.73,8.99,7.98,7.68,0.68,0.076749436,86.2,0.62,1,252.03,406.5,0,0,0,,0.27,,,,1,,,,0.07,,,,0.13,,,0.07,0.13,0,0,1,1,0,0,,0,,,,0,,, ,7.99,,,0,0,0,0,0,0,0,0,0,1,1,1,0,0,1,0,1,0,0,0,0,,0,0,,0,480.9,406.5,372.5,108.4,0.29,,,,,11.5,9.7,-1.8,-0.16,1640210,1930175,289965,113.17449,140.902775,1.057971014
Gambia,L,Sub-Saharan Africa,5.1,5.2,5.1,5.7,0.1,0.02,6.6,6.7,6.7,7.1,3.7,3.8,3.6,4.3,,2.96,2.94,2.89,2.97,2.92,3.06,3.05,2.98,3.18,3.24,3.3,-0.1,-0.032679739,38.1,,,,,1,1,1,0.11,0.17,-0.06,-0.35,0.58,0.57,0.01,0.02,0,0,0,,0.05,0,0.05,,0.06,1.6,0,0,1,1,0,0,0,0,0,,0,0,0,,5.24,5.71,-0.47,-0.08,,,,,0,0,0,0,0,0,0,0,0,0,0,0,0,0,0,0,0,,0,0,,0,114.1,95.2,93,21.1,0.23,,,,,,,,,1692149,1977590,285441,86.299599,102.83468,1.019607843
Georgia,LM,Europe & Central Asia,8.2,8.1,6.9,5,1.2,0.17,14.2,14,11.8,8.2,2.7,2.7,2.3,2,7.44,7.44,7.23,7.06,7.59,8.68,8.1,6.88,8.05,7.64,6.29,4.7,-0.66,-0.081481481,47,2.83,0.71,1613.949,404.913,1,0,0,5.85,6.87,-1.02,-0.15,5.6,7.68,-2.08,-0.27,0.3,,,,0.65,,,,0.14,0.47,0.07,0,1,1,1,0,2.31,0.71,1.6,2.25,0,0,0,,32.32,28.44,3.88,0.14,1,2,0,0,0,1,0,0,0,1,0,0,0,0,1,0,1,0,0,0,0,2015,0,0,,0,717.7,570.3,584.3,133.4,0.23,20.5,13.60999966,-6.890000343,-34%,,,,,3926000,3717100,-208900,270.894,301.0851,1.173913043
Germany,H,Europe & Central Asia,13.6,13.8,13.7,13.6,0.1,0.01,19.7,19.9,20.6,20.4,7.7,7.8,7,7.2,10.9,11.99,11.6,11.67,11.76,11.87,11.35,11.61,11.75,11.89,12.14,12.04,0.64,0.056387665,43.1,11,,50473.5,,1,1,1,,15.23,,,,56.06,,,,,,,,,,,0.33,30.32,0.61,,1,1,1,1,33.96,41.08,-7.12,-0.17,,,,,52.15,47.62,4.53,0.1,2,2,2,2,1,1,1,0,0,0,1,1,0,0,1,0,1,1,1,1,1,2003,1,0,2012,1,5356.8,4588.5,4413,943.8,0.21,3.239300013,2.539999962,-0.699300051,-22%,0,0,0,,81776930,81686611,-90319,11203.43941,11272.75232,1.00729927
Ghana,LM,Sub-Saharan Africa,5.4,5.3,4.7,4.3,0.6,0.13,8.7,8.5,7.5,6.7,2.1,2.1,2.1,1.9,,1.56,1.56,1.6,1.79,1.86,1.94,1.92,2.18,1.39,1.96,1.81,-0.38,-0.195876289,36.2,2,,414.8,,1,1,1,0.06,0.07,-0.01,-0.14,7.34,2.47,4.87,1.97,0.05,0.02,0.03,1.5,0.03,0.04,-0.01,-0.25,0.02,0.16,0.01,0.01,1,1,1,1,0.15,0.33,-0.18,-0.55,0.15,0.1,0.05,0.5,5.67,6.16,-0.49,-0.08,1,2,1,1,1,1,1,1,0,1,1,1,1,1,1,1,1,0,0,0,0,2016,0,0,,0,249.3,207.4,195.4,53.9,0.28,,,,,27,21.9,-5.1,-0.19,24512104,27582821,3070717,1152.068888,1461.889513,1.127659574
Greece,H,Europe & Central Asia,5,4.8,3.3,3.5,1.5,0.45,8.1,7.8,6,5.7,2,1.9,0.7,1.4,6.52,6.64,6.99,7.52,7.62,8.03,8.99,9.07,9.52,9.7,9.47,10.03,-2.35,-0.261401557,36.1,4.43,,10518.149,,1,1,1,14.09,12.88,1.21,0.09,50.57,,,,6.92,,,,12.13,26.83,-14.7,-0.55,0.08,1.32,0.4,1.31,1,1,1,1,7.44,5.1,2.34,0.46,38.7,,,,4.94,19,-14.06,-0.74,,,,,1,1,0,0,0,0,0,1,0,0,0,0,1,1,0,0,0,,0,0,,0,2204.4,2374.3,2696.9,-492.5,-0.18,12.95170021,23.14279938,10.19109917,79%,0.1,0.5,0.4,4,11121341,10820883,-300458,367.004253,519.402384,1.454545455
Grenada,UM,Latin America & Caribbean,1.7,1.1,0.9,2.7,0.2,0.22,1.5,1,1.8,4.9,1.9,1.1,0,0.6,8.88,8.67,8.47,8.37,8.28,8.11,8.18,8.42,8.92,9.04,9.05,8.79,0.49,0.0599022,50.8,,,,,1,0,0,1.88,1.92,-0.04,-0.02,63.97,15.33,48.64,3.17,2.82,2.88,-0.06,-0.02,0,0,0,,0.96,4.79,,0,1,1,1,0,18.81,19.17,-0.36,-0.02,0,0,0,,75.26,76.67,-1.41,-0.02,,,,,0,0,1,0,1,1,1,1,1,0,1,1,1,0,0,0,0,,0,0,,0,677.5,684.7,671.4,6.1,0.01,,,,,,,,,104677,106823,2146,0.942093,1.175053,
Guatemala,UM,Latin America & Caribbean,2.7,3.1,2.9,3.2,0.2,0.07,3.7,4.3,4.3,4.6,1.8,1.9,1.5,1.8,1.62,1.62,1.65,1.81,1.9,2.02,1.99,2,2.06,2.24,2.22,2.2,-0.37,-0.185929648,35,1.46,0.94,616.85,397.15,0,1,1,0.29,0.59,-0.3,-0.51,1.31,1.39,-0.08,-0.06,0.07,0.14,-0.07,-0.5,0.53,6.89,-6.36,-0.92,0.02,0.28,0.01,0.08,1,1,1,1,0.01,0.06,-0.05,-0.83,1.01,1.11,-0.1,-0.09,2.3,2.57,-0.27,-0.11,0,2,0,0,0,0,1,1,1,1,1,1,0,0,1,1,1,1,1,1,1,,0,0,,0,443.9,422.5,421.7,22.2,0.05,3.653399944,1.529500008,-2.123899937,-58%,29,20.5,-8.5,-0.29,14630417,16252429,1622012,424.282093,503.825299,1.068965517
Guinea,L,Sub-Saharan Africa,6.3,6.4,6.6,6.8,-0.2,-0.03,7.5,7.6,8.1,8.3,5,5.2,5.1,5.4,,0.34,0.28,0.22,0.22,0.22,0.2,0.18,0.2,0.19,0.16,0.2,0.14,0.7,33.4,,,,,0,1,1,,0.03,,,,0.07,,,,0,,,,0,,,0,0,0.02,0,0,0,1,0,0.52,0.79,-0.27,-0.34,0.15,0,0.15,,0.76,0,0.76,,2,0,2,0,0,0,0,0,0,0,0,0,0,0,0,0,0,0,0,0,0,,0,0,,0,57.2,61.6,52,5.2,0.1,,,,,66.9,57.6,-9.3,-0.14,10794170,12091533,1297363,712.41522,773.858112,0.96969697
Guinea-Bissau,L,Sub-Saharan Africa,4,3.9,4.2,4.4,-0.3,-0.07,4.7,4.6,4.9,5,3.3,3.3,3.4,3.9,,2.81,2.8,2.69,2.83,2.96,2.83,2.73,2.84,3.03,3.26,3.46,-0.02,-0.007067138,39.5,,,,,0,0,0,,0,,,,0.61,,,,0,,,,0.06,,,0,0.06,0,0,0,1,0,0,,0,,,,0,,, ,0,,,,,,,0,0,0,0,0,0,0,0,0,0,0,0,0,0,0,0,0,,0,0,,0,100.3,80.1,84.2,16.1,0.19,,,,,66.6,68.8,2.2,0.03,1555880,1770526,214646,65.34696,69.050514,0.928571429
Guyana,UM,Latin America & Caribbean,29.2,29.1,26.8,24.4,2.3,0.09,43.7,43.4,39.9,35.9,14.4,14.5,13.6,12.8,5.31,4.75,5.2,5.11,5.13,5.11,5.08,5.08,5.02,5.09,4.99,5.22,-0.33,-0.06496063,45.7,1.35,0.59,406.755,177.767,1,1,1,0.5,0.53,-0.03,-0.06,,0.39,,,0.37,0.39,-0.02,-0.05,0,0,0,,0.13,0.26,0,0,1,1,0,0,2.49,0.53,1.96,3.7,0,0,0,,24.89,31.52,-6.63,-0.21,1,1,0,0,0,0,0,1,1,1,1,1,1,1,1,1,1,1,1,1,1,,0,0,,0,336.1,301.3,265.6,70.5,0.27,,,,,,,,,746556,768514,21958,200.077008,223.637574,
Haiti,L,Latin America & Caribbean,11.7,11.7,10.2,9.5,1.5,0.15,17,17,14.8,14.1,6.5,6.5,5.7,5,,5.81,5.81,5.81,5.81,5.71,5.77,5.9,6,6.15,6.26,5.34,0.04,0.006932409,44.1,0.61,,101.382,,0,0,0,0.07,0.2,-0.13,-0.65,0.29,0.26,0.03,0.12,0.06,0,0.06,,0.07,0.04,0.03,0.75,0.02,0.02,0,0,1,1,0,0,0,0,0,,0,0,0,,1.72,1.77,-0.05,-0.03,,,,,0,0,0,0,0,0,0,0,0,0,0,0,0,0,0,0,0,,0,0,,0,120.1,166.2,150.4,-30.3,-0.2,,,,,,,,,9999617,10711061,711444,1019.960934,1253.194137,1.147058824
Honduras,LM,Latin America & Caribbean,2.9,2.8,2.5,2.5,0.3,0.12,4.4,4.2,3.6,3.6,1.5,1.5,1.3,1.4,2.86,2.84,2.64,2.92,2.92,2.94,2.91,2.97,3.05,3.12,3.23,3.23,-0.07,-0.024054983,37.3,1.61,0.88,497.812,272.096,0,0,1,0.38,0.77,-0.39,-0.51,2.14,2.44,-0.3,-0.12,1.17,0.28,0.89,3.18,0.69,0.74,-0.05,-0.07,0.03,,0.01,,1,1,1,1,0.06,0.03,0.03,1,,,,,4.03,4.65,-0.62,-0.13,1,0,1,0,1,1,0,0,0,0,0,0,0,0,0,0,0,1,1,1,1,,0,0,,0,353.4,309.2,320.1,33.3,0.1,7.245399952,8.220299721,0.974899769,13%,41.1,33.4,-7.7,-0.19,8194778,8960829,766051,204.86945,250.903212,1.12
Hungary,H,Europe & Central Asia,19.1,20.3,26,26.7,-5.7,-0.22,29.7,31.6,42.1,43.1,9.6,10.1,11.4,11.8,,10.9,10.88,10.7,11.14,11.35,10.75,11.46,11.64,12.55,13.16,12.94,0.15,0.013953488,50.3,5.1,,8774.55,,0,1,0,,6.52,,,,21.93,,,,2.98,,,2.59,2.47,0.12,0.05,0.03,8.01,0.29,,1,1,1,1,74.57,72.21,2.36,0.03,0,,,,0,2.83,-2.83,-1,,,,,1,1,0,1,1,0,0,1,0,0,0,0,0,0,0,0,0,,0,0,,0,1912.1,1720.5,1620.2,291.9,0.18,4.295599937,2.601500034,-1.694099903,-39%,0.9,1,0.1,0.11,10000023,9843028,-156995,2600.00598,1998.134684,0.780769231
Iceland,H,Europe & Central Asia,14,14,13.3,12.2,0.7,0.05,22.3,22.3,20.5,15.9,5.6,5.7,6,8.5,7.5,7.66,7.01,6.8,6.82,6.84,6.79,7.24,7.19,7.53,7.2,7.05,0.87,0.128129602,39.2,8.69,0.53,29637.245,1807.565,0,1,0,,19.74,,,,37.96,,,,10.63,,,,31.89,,,,2.73,2.13,17.31,1,1,1,1,43.53,42.82,0.71,0.02,155.19,119.66,35.53,0.3,0,,,,2,1,1,1,1,1,0,1,0,1,0,1,0,0,0,1,1,1,0,1,0,2011,0,1,2014,1,4116.2,3410.5,3383.7,732.5,0.22,2.986999989,3.247100115,0.260100126,9%,0.2,0.1,-0.1,-0.5,318041,330815,12774,42.299453,46.3141,
India,LM,South Asia,16.3,16.5,16.5,17.6,0,0,17.8,18,17.7,18.1,14.7,14.9,15.2,17.1,3.04,3,3.02,3.05,3.06,2.96,2.74,2.47,1.91,1.57,1.35,1.26,0.26,0.094890511,44.4,,,,,1,1,0,0.3,0.3,0,0,0.12,0.17,-0.05,-0.29,0.07,0.03,0.04,1.33,0.07,0.05,0.02,0.4,0,0.33,0,0,0,1,0,0,,0.82,,,,0,,,2.05,1.47,0.58,0.39,1,2,1,2,1,1,0,1,0,1,0,1,0,0,0,0,1,0,1,0,1,,0,0,,0,237.7,150.5,145.6,92.1,0.63,,,,,,,,,1230980691,1309053980,78073289,203111.814,215993.9067,1
Indonesia,LM,East Asia & Pacific,3.4,3.4,3.6,3.8,-0.2,-0.06,4.8,4.8,5.1,5.3,2,2,2.2,2.3,0.29,0.28,0.28,0.28,0.1,0.09,0.09,0.09,0.08,0.07,0.07,0.07,0.19,2.111111111,28.6,,,,,0,1,1,0.29,0.01,0.28,28,2.57,,,,0.05,,,,0.18,,,,0.02,,,,1,1,1,1,,,,,,,,,3.96,3.31,0.65,0.2,1,1,1,1,1,1,0,0,0,0,0,1,0,0,0,0,0,1,0,0,0,1997,1,0,2014,1,369.3,295.4,285.3,84,0.29,11.55370045,6.239200115,-5.314500332,-46%,,,,,242524123,258162113,15637990,8730.868428,8777.511842,0.944444444
Iran (Islamic Republic of),UM,Middle East & North Africa,4.1,4,6.6,10.7,-2.6,-0.39,5,5,8.7,13.1,3.1,3,4.4,8.2,,0.01,0.01,0.01,0.02,0.03,0.03,0.03,0.02,0.02,0.02,0.01,-0.02,-0.666666667,4.1,3.6,0.17,4305.6,203.32,1,1,1,1.76,1.49,0.27,0.18,8.84,7.46,1.38,0.18,0.72,0.67,0.05,0.07,5.07,2.19,2.88,1.32,0.05,1.43,0.12,0.11,1,1,1,1,2.21,1.98,0.23,0.12,6.68,5.79,0.89,0.15,7.52,7.33,0.19,0.03,1,2,1,1,1,1,0,0,0,1,0,1,1,0,0,0,1,1,0,0,0,,0,0,,0,1261.7,1196,1201,60.7,0.05,,,,,,,,,74567511,79360487,4792976,4921.455726,3174.41948,0.606060606
Iraq,UM,Middle East & North Africa,3,3.1,2.8,2.5,0.3,0.11,3.4,3.5,3.3,3.1,2.6,2.6,2.2,1.9,,0.17,0.17,0.17,0.19,0.18,0.19,0.2,0.17,0.15,0.03,0.18,-0.02,-0.105263158,20.1,,,,,1,1,0,0.37,0.27,0.1,0.37,1.46,0.89,0.57,0.64,0.22,0.1,0.12,1.2,0.09,0.15,-0.06,-0.4,0.01,0.11,0,0,1,1,0,0,1.26,1.11,0.15,0.14,0,,,,3.86,4.26,-0.4,-0.09,1,2,0,2,0,0,0,1,0,1,0,0,0,0,0,0,1,0,0,0,0,,0,0,,0,481,370.2,402.5,78.5,0.2,,,,,,,,,30762701,36115649,5352948,861.355628,1119.585119,1.107142857
Ireland,H,Europe & Central Asia,11.5,11.5,12,11.9,-0.5,-0.04,18.5,18.5,18.5,18.8,4.6,4.5,5.6,4.9,11.46,10.93,11,10.64,11.53,11.65,11.63,11.27,12.42,13.37,13.38,13.42,-0.7,-0.060189166,46.5,,,,,1,1,1,,6.06,,,,112.83,,,,3.84,,,,3.53,,,0.78,,,,1,1,1,1,,19.61,,,,61.02,,, ,54.48,,,,,,,1,1,0,0,0,0,0,1,0,0,0,0,0,0,0,0,0,1996,1,0,2013,1,5334.9,4524.1,4566.8,768.1,0.17,8.003000259,5.90500021,-2.09800005,-26%,0,0,0,,4560155,4701957,141802,547.2186,540.725055,0.958333333
Israel,H,Middle East & North Africa,5.4,5,7.3,7.6,-2.3,-0.32,8.1,7.6,12,11,2.7,2.4,2.7,4.2,2.64,2.61,2.71,2.86,2.81,2.66,2.63,2.56,2.48,2.34,2.23,2.41,-0.02,-0.007604563,31.1,,,,,1,1,1,11.57,8.24,3.33,0.4,11.63,,,,,,,,,,,,0.19,1.24,0.3,3.54,1,1,1,1,3.36,4.54,-1.18,-0.26,44.11,225.06,-180.95,-0.8,40.42,42.83,-2.41,-0.06,1,2,2,2,1,1,1,1,0,1,1,1,0,0,1,0,1,0,0,0,0,2009,1,0,2014,1,2819.1,2194.4,2087.7,731.4,0.35,,,,,1.4,1,-0.4,-0.29,7623600,8380100,756500,556.5228,419.005,0.684931507
Italy,H,Europe & Central Asia,8.2,8,7.5,7,0.5,0.07,12.1,11.8,11.4,10.3,4.5,4.5,3.8,3.9,7.08,7.14,7.56,7.35,7.48,6.98,6.95,6.4,6.84,7.19,7.26,7.41,0.19,0.027338129,32.6,5,,16059.5,,1,1,1,10.85,7.81,3.04,0.39,27.57,19.28,8.29,0.43,2.43,1.93,0.5,0.26,3.52,2.58,0.94,0.36,0,1.43,1.34,2.71,0,1,1,1,9.55,10.95,-1.4,-0.13,33.44,46.41,-12.97,-0.28,1.47,0,1.47,,1,2,2,1,1,1,1,0,1,1,1,1,0,0,1,0,1,0,0,0,0,2001,1,0,2007,0,3350.6,3211.9,3145.2,205.4,0.07,6.847099781,8.495900154,1.648800373,24%,0.1,0.1,0,0,59277417,60730582,1453165,4445.806275,4858.44656,1.066666667
Jamaica,UM,Latin America & Caribbean,2.2,2.1,2,1.9,0.1,0.05,3.3,3.3,3.1,3,1,1,0.9,0.8,3.44,3.33,3.28,3.27,3.15,3.09,3.06,2.84,2.94,2.99,3.02,3.08,0.27,0.088235294,40.8,6.04,0.8,2681.76,355.2,1,1,1,1.11,1.1,0.01,0.01,8.9,5.71,3.19,0.56,0.57,0.59,-0.02,-0.03,0.43,0.33,0.1,0.3,0.29,5.09,0.33,0.48,1,1,1,1,1.79,2.93,-1.14,-0.39,,16.12,,,28.58,14.65,13.93,0.95,2,2,1,1,1,1,1,1,0,0,0,1,0,0,0,0,1,0,0,0,0,,0,0,,0,511.4,444,421.3,90.1,0.21,,,,,11.8,10.6,-1.2,-0.1,2817210,2871934,54724,56.3442,60.310614,1.05
Japan,H,East Asia & Pacific,18.5,19.4,24.4,24.9,-5,-0.2,26,27.4,35.1,36.8,11.4,11.8,14.1,13.6,,6.86,6.71,6.95,6.83,6.86,6.88,6.98,7.06,7.28,7.48,7.99,-0.02,-0.002906977,40,4.94,0.76,18664.308,2871.432,1,1,1,,10.1,,,,102.55,,,,6.06,,,,3.99,,,0.84,2.31,1.05,1.57,1,1,1,1,69.16,73.12,-3.96,-0.05,15.3,16.23,-0.93,-0.06,200.29,204.4,-4.11,-0.02,2,0,0,2,0,0,1,1,0,1,0,1,0,0,1,1,1,0,0,0,0,2014,0,1,,1,4405.1,3778.2,3192.5,1212.6,0.38,3.930000067,2.630000114,-1.299999952,-33%,0,0,0,,128070000,127141000,-929000,31249.08,24665.354,0.795081967
Jordan,UM,Middle East & North Africa,2.9,2.9,2.8,3.1,0.1,0.04,3.6,3.6,3.5,3.8,2.2,2.2,2.1,2.3,0.38,0.37,0.43,0.41,0.43,0.44,0.52,0.59,0.61,0.59,0.58,0.55,-0.15,-0.288461538,19.8,,,,,0,0,0,0.51,1.08,-0.57,-0.53,4.72,4.03,0.69,0.17,0.16,0.25,-0.09,-0.36,0.27,0.17,0.1,0.59,0.03,0.99,0.02,0.02,1,1,1,1,0.6,,,,,2.32,,,6.93,5.1,1.83,0.36,0,2,0,2,1,1,0,0,0,0,0,0,0,0,0,0,0,1,1,1,1,,0,0,,0,568.1,768.5,778.8,-210.7,-0.27,,,,,6.2,7.1,0.9,0.15,7182390,9159302,1976912,201.10692,265.619758,1.035714286
Kazakhstan,UM,Europe & Central Asia,22.5,24.9,32.7,39.4,-7.8,-0.24,38.3,42.5,55.7,68.4,7.6,8.4,11.2,12.4,5.8,5.92,6.06,6.26,6.48,6.35,6.59,6.44,7.4,7.26,6.91,6.73,-0.67,-0.101669196,49.2,,,,,1,0,0,,6.26,,,,,,,,,,,,0.29,,,0.2,0.2,0.1,0,1,1,1,0,,1.74,,,,0,,, ,61.32,,,2,2,2,0,1,1,0,0,0,1,0,1,0,0,1,0,1,0,1,0,1,1999,1,0,2015,1,903.3,719.9,790,113.3,0.14,,,,,0.9,0.3,-0.6,-0.67,16321872,17542806,1220934,5337.252144,4368.158694,0.76146789
Kenya,LM,Sub-Saharan Africa,3.2,3.1,3.1,3.9,0,0,5.1,5,5,6.2,1.2,1.2,1.2,1.6,,1.86,1.77,2.06,1.96,1.95,1.84,2.04,1.79,2.2,1.96,1.49,0.02,0.010869565,46,,,,,1,1,0,,0.19,,,,,,,,0.01,,,,,,,,,,,1,1,1,1,1.1,,,,,,,,1.65,,,,1,1,0,1,1,1,1,1,1,1,1,1,1,1,1,1,1,0,0,0,0,,0,0,,0,157.2,141.8,155.3,1.9,0.01,,,,,54.5,49.5,-5,-0.09,41350152,47236259,5886107,1281.854712,1464.324029,1
Kiribati,LM,East Asia & Pacific,14.4,14.5,14.5,13.9,0,0,24.1,24.2,24,22.4,5,5,5.4,5.7,,0.36,0.36,0.36,0.37,0.55,0.49,0.56,0.48,0.7,0.79,0.6,-0.13,-0.265306122,57.9,,,,,1,0,0,,1,,,,6.03,,,,0,,,,0,,,1,1,0,0,1,1,0,0,,0,,,,0,,, ,60.27,,,1,1,0,1,0,0,1,1,1,1,1,1,1,1,1,1,1,0,0,0,0,,0,0,,0,151.8,150.1,158.9,-7.1,-0.04,,,,,,,,,102652,112407,9755,14.88454,16.299015,
Kuwait,H,Middle East & North Africa,2.3,2.3,1.9,2.3,0.4,0.21,2.8,2.8,2.2,2.9,1.7,1.8,1.5,1.5,,0.01,0.01,0.01,0.01,0.02,0.01,0.1,0.03,0.03,0.01,0.01,0,0,4.1,,,,,0,1,1,3.33,2.62,0.71,0.27,19.23,13.77,5.46,0.4,0.35,0.66,-0.31,-0.47,2.1,2.29,-0.19,-0.08,0.03,0.82,0.03,,1,1,1,1,,0,,,,,,,17.24,32.78,-15.54,-0.47,0,2,0,2,1,1,0,0,0,0,0,0,0,0,0,0,0,1,1,1,1,,0,0,,0,2977.5,2027.8,2032,945.5,0.47,,,,,,,,,2998083,3935794,937711,56.963577,90.523262,1.210526316
Kyrgyzstan,LM,Europe & Central Asia,8.3,8.1,11.3,10.9,-3.2,-0.28,13.2,12.9,18.5,18.1,3.5,3.3,4.3,3.9,3.91,4.7,5.59,5.72,5.83,6.02,6.08,5.99,7.28,6.97,6.77,6.52,-1.38,-0.226973684,44.4,4,,837.6,,1,1,1,3.36,3.51,-0.15,-0.04,,6.67,,,,0.04,,,,0.34,,,0.09,0.05,0.07,0.22,1,1,1,1,1.67,1.75,-0.08,-0.05,,20.23,,,29.6,31.75,-2.15,-0.07,1,2,1,1,1,1,0,0,0,0,0,0,0,0,0,0,0,0,0,0,0,,0,0,,0,286.6,209.4,194.4,92.2,0.47,,,,,,,,,5447900,5956900,509000,615.6127,482.5089,0.716814159
Lao People's Democratic Republic,LM,East Asia & Pacific,8.6,8.5,8.9,9.4,-0.4,-0.04,11.4,11.3,11.7,12.3,5.7,5.7,6.1,6.6,,6.81,6.63,6.41,6.31,6.29,6.09,5.3,5.2,5.07,3.73,3.71,0.72,0.118226601,43.8,,,,,0,0,1,0.03,0.03,0,0,0.26,0.28,-0.02,-0.07,0,0,0,,0,0,0,,0,0.05,0,0,0,1,0,0,0.38,0.54,-0.16,-0.3,0,0,0,,0,0,0,,0,1,0,0,1,1,1,1,0,1,0,1,0,0,0,1,1,1,0,1,0,2014,0,1,,1,165.8,89.5,119.6,46.2,0.39,,,,,,,,,6246274,6663967,417693,555.918386,566.437195,0.95505618
Latvia,H,Europe & Central Asia,21.2,21.6,22.7,26.7,-1.1,-0.05,37.6,37.4,42.3,46.2,7.3,8.2,6,10.2,11.19,10.82,10.6,10.43,10.2,10.11,9.83,9.85,11.84,12.12,10.4,9.92,0.99,0.100712106,59,5.9,0.64,6454.01,700.096,1,0,1,12.05,10.85,1.2,0.11,,30.76,,,,,,,,,,,0.27,3.35,0.22,,1,1,1,1,10.83,12.28,-1.45,-0.12,,,,,105.09,107.26,-2.17,-0.02,1,1,0,0,1,1,0,0,0,1,0,1,0,0,0,0,1,0,0,0,0,2005,1,0,2012,1,1429.3,1093.9,1070,359.3,0.34,10.13129997,5.369699955,-4.761600018,-47%,14.6,11.4,-3.2,-0.22,2097555,1977527,-120028,476.144985,427.145832,0.95154185
Lebanon,UM,Middle East & North Africa,3.3,3.3,3.2,3.1,0.1,0.03,4.2,4.2,3.9,3.9,2.4,2.4,2.5,2.3,1.21,1.18,1.36,1.34,1.42,1.47,1.56,1.61,1.68,1.72,1.82,1.94,-0.38,-0.243589744,20.2,4.8,0.54,6137.28,690.444,1,0,0,0.87,1.41,-0.54,-0.38,0.77,1.72,-0.95,-0.55,2.32,0.47,1.85,3.94,1.65,2.12,-0.47,-0.22,0.07,0.24,0,0.16,1,1,0,1,,1.1,,,,,,,0.85,39.44,-38.59,-0.98,,,,,0,0,0,0,0,0,0,1,0,0,0,0,0,0,0,0,0,,1,0,2016,0,1117.3,1278.6,1200.2,-82.9,-0.07,,,,,,,,,4337141,5851479,1514338,138.788512,193.098807,1.03125
Lesotho,LM,Sub-Saharan Africa,21.2,21,20.1,18.6,0.9,0.04,17.8,17.6,16.8,15.4,24.4,24.1,23.2,21.5,,2.88,2.66,2.64,2.51,2.45,2.86,2.98,2.97,2.9,2.82,2.49,0.02,0.006993007,50.8,1.8,0.82,341.82,155.718,1,0,0,0.1,0.05,0.05,1,4.67,1.92,2.75,1.43,0.1,0.14,-0.04,-0.29,0.29,0.14,0.15,1.07,0.05,0.53,0,0,1,1,0,0,4.58,0,4.58,,0,0,0,,7.15,2.88,4.27,1.48,,,,,0,0,0,0,0,1,0,1,0,0,0,1,0,0,0,0,0,,0,0,,0,251.1,189.9,157.9,93.2,0.59,,,,,47.5,44,-3.5,-0.07,2040551,2174645,134094,410.150751,456.67545,1.044776119
Liberia,L,Sub-Saharan Africa,6.8,6.5,6.5,6.8,0,0,7.1,6.7,6.8,7.1,6.6,6.3,6.1,6.6,,3.51,3.47,3.72,3.75,3.74,3.63,3.75,3.89,4.04,4.05,4.19,-0.12,-0.033057851,41.3,,,,,0,1,1,0.02,0.02,0,0,0.3,146.28,-145.98,-1,0.05,,,,,,,,,0.02,,,1,1,1,1,,,,,,,,,1.82,,,,1,1,1,1,0,0,0,0,0,0,0,0,0,0,0,0,0,0,0,0,0,,0,0,,0,127.8,77.3,68.7,59.1,0.86,,,,,68.7,63.3,-5.4,-0.08,3948125,4499621,551496,256.628125,292.475365,1
Libya,UM,Middle East & North Africa,5.2,4.2,5.4,5.6,-1.2,-0.22,8.1,6.3,8.3,8.3,2.2,2,2.4,2.7,,,,0,0.01,0,0,0.01,0.01,0.01,0.01,0,,,2.1,,,,,,,,,,,,5.18,,,,0.58,,,,1.04,,,,,,,,1,1,1,1,,,,,,,,,9.6,,,,,,,,0,0,0,0,0,0,0,0,0,0,0,0,0,1,1,1,1,,0,0,,0,,627.3,957.3,-957.3,-1,,,,,,,,,6169140,6234955,65815,333.13356,261.86811,0.777777778
Lithuania,H,Europe & Central Asia,31.9,34.9,37.3,43.9,-2.4,-0.06,58.1,61.7,66.1,77.6,9.5,11.9,12.8,14.7,13.61,14.42,14.82,15.14,15.15,14.88,13.61,12.4,13.3,13.4,12.7,12.3,0.81,0.059515062,62.3,,,,,1,1,1,,17.76,,,,,,,,,,,,,,,0.34,2.73,0.37,,1,1,1,1,33.44,,,,,,,,65.32,106.07,-40.75,-0.38,1,2,0,2,1,1,0,1,0,1,0,1,0,0,1,0,1,1,0,1,0,1998,1,0,2014,1,1874.6,1472.3,1352.4,522.2,0.39,6.870100021,3.941900015,-2.928200006,-43%,2.5,3.1,0.6,0.24,3097282,2904910,-192372,1155.286186,1013.81359,0.935656836
Luxembourg,H,Europe & Central Asia,13.5,14.7,12.9,14.3,1.8,0.14,18.6,21.4,18.2,21.7,8.3,7.9,7.7,7.1,11.22,11.83,11.69,11.55,11.89,12.01,11.72,11.6,11.72,11.94,12.17,12.02,0.11,0.009385666,52.7,,,,,1,1,1,,21.15,,,,,,,,,,,,,,,0.2,2.44,4.27,23.18,1,1,1,1,37.82,41.28,-3.46,-0.08,,42.09,,,87.32,48.19,39.13,0.81,,,,,0,0,1,0,0,1,0,1,0,0,1,0,1,0,0,0,0,,0,0,,0,6381.5,5694.9,6089.7,291.8,0.05,4.687600136,5.170400143,0.482800007,10%,0,0,0,,506953,569604,62651,65.396937,83.731788,
Madagascar,L,Sub-Saharan Africa,3.9,4,4.3,4.5,-0.3,-0.07,5.6,5.7,6.2,6.4,2.2,2.2,2.5,2.7,0.89,0.87,0.88,0.87,0.93,0.97,1.03,0.91,0.68,0.71,0.68,0.83,-0.16,-0.155339806,43.5,,,,,1,1,1,0.06,0.05,0.01,0.2,0.35,0.4,-0.05,-0.13,0.02,,,,0.05,,,,0,,,,0,1,1,1,0.69,0.72,-0.03,-0.04,0.09,,,,0.56,0.6,-0.04,-0.07,1,1,1,0,1,1,1,1,1,1,1,1,1,1,1,1,1,0,0,0,0,1960,1,0,2010,1,76.7,68.4,72.9,3.8,0.05,,,,,82.2,83.6,1.4,0.02,21151640,24234088,3082448,909.52052,969.36352,0.930232558
Malawi,L,Sub-Saharan Africa,3.7,3.6,3.8,4.5,-0.2,-0.05,5.8,5.7,6.1,7.2,1.6,1.6,1.6,1.8,,2,1.99,1.99,1.83,1.86,1.67,1.78,1.94,1.98,1.98,1.48,0.33,0.19760479,46.6,1,,78.8,,1,0,0,,0.01,,,,0.22,,,,0.01,,,,0.02,,,0.02,,,,1,1,1,1,,,,,,,,, ,2.56,,,1,2,2,1,1,1,0,1,1,1,1,1,0,0,1,1,1,0,1,0,1,2016,0,0,,0,108.2,78.8,73.3,34.9,0.48,,,,,100,100,0,0,15167095,17573607,2406512,576.34961,632.649852,0.947368421
Malaysia,UM,East Asia & Pacific,5.5,5.4,5.1,5.4,0.3,0.06,7.8,7.6,7.3,7.7,3.2,3.1,2.8,2.9,0.63,0.64,0.58,0.59,0.53,0.51,0.49,0.47,0.47,0.43,0.43,0.46,0.15,0.306122449,31.2,0.39,,295.659,,1,1,1,0.76,0.83,-0.07,-0.08,,3.31,,,0.84,,,,0.89,0.29,0.6,2.07,0.01,2.58,0.23,,1,1,1,1,,3.28,,,,,,,14.05,15.01,-0.96,-0.06,2,1,0,2,1,1,1,0,0,1,0,1,0,1,0,0,1,0,1,0,0,2006,1,0,2016,0,1063.9,758.1,688.5,375.4,0.55,3.74000001,4.039999962,0.299999952,8%,11.7,8.8,-2.9,-0.25,28112289,30723155,2610866,1433.726739,1659.05037,1.058823529
Maldives,UM,South Asia,2.3,2.6,3.2,3.3,-0.6,-0.19,3,3.5,4.1,4.3,1.3,1.5,2,2.1,,1.32,1.32,1.33,1.31,1.89,1.72,1.62,1.72,1.69,1.57,1.35,-0.4,-0.23255814,4.6,,,,,0,0,0,3.7,1.59,2.11,1.33,0,40.46,-40.46,-1,0,0,0,,1.14,0,1.14,,0,0.32,0.32,0.32,0,1,1,1,1.14,0,1.14,,46.36,50.97,-4.61,-0.09,0,0,0,,1,2,0,0,0,0,0,0,0,0,0,0,0,0,0,0,0,0,0,0,0,,0,0,,0,1513.9,1136.4,948.3,565.6,0.6,,,,,,,,,364511,418403,53892,11.664352,10.878478,
Mali,L,Sub-Saharan Africa,4.8,4.8,4.8,4.9,0,0,6.9,6.9,7,7.2,2.7,2.7,2.7,2.7,,0.58,0.58,0.58,0.61,0.6,0.58,0.56,0.58,0.55,0.55,0.54,0,0,34.3,,,,,0,0,0,0.04,0.04,0,0,0.08,0.26,-0.18,-0.69,0.01,0.11,-0.1,-0.91,0.01,0.02,-0.01,-0.5,0,0.04,,0.03,0,1,1,1,0.7,0.75,-0.05,-0.07,0.25,,,,1.25,0,1.25,,,,,,0,0,0,0,0,0,0,1,0,0,0,0,0,0,0,0,0,,0,0,,0,118.5,76.9,81.2,37.3,0.46,,,,,66.9,61,-5.9,-0.09,15075085,17467905,2392820,723.60408,838.45944,1
Malta,H,Middle East & North Africa,7.5,8,8,5.6,0,0,12.1,12.6,13.6,8.1,2.8,3.3,2.5,3.1,8.02,7.75,7.88,7.97,7.92,7.12,7.52,7.53,7.27,7.62,9.03,6.55,0.23,0.030585106,34.7,6.71,0.97,16480.431,2382.417,1,1,1,,3.17,,,,66.83,,,,5.12,,,,4.39,,,0.49,0.49,3.41,0.49,1,1,1,1,,3.66,,,,5.85,,, ,141.71,,,,,,,1,1,1,0,0,1,0,1,0,0,1,0,1,0,0,0,0,,0,0,,0,3470.9,2456.1,2290.2,1180.7,0.52,1.878999949,2.404599905,0.525599957,28%,0.1,0.1,0,0,414508,445053,30545,33.16064,35.60424,
Mauritania,LM,Sub-Saharan Africa,4.4,4.3,3.9,3.5,0.4,0.1,6.6,6.4,5.8,5.3,2.2,2.1,1.9,1.7,,0,0,0,0,0.01,0,0,0.02,0.02,0.01,0.01,0,,4.3,,,,,0,1,1,,0.09,,,,1.34,,,,0.3,,,,0.15,,,0.03,0.03,0.15,,1,1,1,1,,,,,,,,, ,1.19,,,1,0,0,0,0,0,0,0,0,0,0,0,0,0,0,0,0,0,0,0,0,,0,0,,0,177.1,106.8,108.4,68.7,0.63,,,,,57.2,49.4,-7.8,-0.14,3609543,4182341,572798,140.772177,179.840663,1.102564103
Mauritius,UM,Sub-Saharan Africa,7.8,8.5,8.1,8.8,0.4,0.05,13.3,12.8,12.7,13.7,2.4,4.2,3.6,3.9,,2.58,2.8,2.95,2.94,3.02,2.95,2.82,2.49,3.24,3.73,3.94,-0.37,-0.125423729,32.4,,,,,1,1,0,,1.62,,,,9.33,,,,0.23,,,,0.08,,,0.08,0.77,0,0,1,1,0,0,1.92,1.39,0.53,0.38,,0,,,80.05,53.99,26.06,0.48,,,,,0,0,1,1,1,1,1,1,1,1,1,1,1,0,0,0,0,,0,0,,0,1098.6,714.2,716.6,382,0.53,6.385499954,10.72259998,4.337100029,68%,2.4,1.8,-0.6,-0.25,1250400,1262605,12205,101.2824,107.321425,1.049382716
Mexico,UM,Latin America & Caribbean,5.1,5.6,4.6,4.3,1,0.22,8,8.8,7.4,7.1,2.3,2.4,1.9,1.5,5.53,5.28,5.19,5.16,5.31,5.32,5.15,5.23,5.34,5.35,5.13,4.96,0.13,0.025242718,42.5,0.65,,594.75,,1,1,1,0.67,1.57,-0.9,-0.57,2.81,2.62,0.19,0.07,0.52,0.33,0.19,0.58,2.11,0.55,1.56,2.84,0.04,0.03,0.05,,1,1,1,1,0.12,0.08,0.04,0.5,0.05,,,,3.24,3.92,-0.68,-0.17,2,2,2,1,1,1,1,1,0,1,1,1,1,1,1,1,1,1,0,1,0,2007,1,0,2016,0,1008.7,915,887.8,120.9,0.14,5.747900009,5.16260004,-0.585299969,-10%,5.9,5.7,-0.2,-0.03,117318941,125890949,8572008,5396.671286,7049.893144,1.217391304
Micronesia (Federated States of),LM,East Asia & Pacific,11.1,11.4,11.1,11.9,0.3,0.03,15.8,16.1,15.3,16.2,6.3,6.5,6.7,7.6,,1.59,1.59,1.67,2.98,1.91,1.78,2.05,1.97,1.63,1.73,1.9,-0.19,-0.106741573,62.4,,,,,0,1,1,,0.9,,,,6.3,,,,0,,,,0,,,0,3.6,3.6,0,0,1,1,0,5.78,0,5.78,,0,0,0,,11.14,0,11.14,,,,,,1,1,0,0,0,0,0,0,0,0,0,0,0,0,0,0,0,,0,0,,0,457.9,440.7,427.4,30.5,0.07,,,,,,,,,103616,104433,817,11.501376,11.905362,
Mongolia,LM,East Asia & Pacific,13,13.1,16.6,17.1,-3.5,-0.21,22.6,22.8,28.5,28.3,3.5,3.7,4.9,6,,5.66,5.74,5.64,5.51,5.38,5.06,4.64,4.14,3.61,3.44,2.73,0.6,0.118577075,48.7,2,0.94,610.2,286.794,1,1,1,,0.52,,,,7.7,,,,0.15,,,,0.19,,,0.04,1.26,0.26,0.22,1,1,1,1,,3.89,,,,,,, ,16.66,,,1,2,0,0,1,1,1,1,0,1,1,1,1,0,1,1,0,1,0,1,0,,0,0,,0,469.6,305.1,273.6,196,0.72,6.366499901,5.329500198,-1.036999702,-16%,,,,,2712650,2976877,264227,450.2999,389.970887,0.789156627
Montenegro,UM,Europe & Central Asia,10.3,10,10.4,11.4,-0.4,-0.04,15.4,14.9,15.2,16.4,5.3,5.2,5.7,6.6,,6.41,6.53,6.47,6.49,6.38,7.26,7.26,6.94,5.69,6.53,,-0.85,-0.11707989,45.2,,,,,1,1,1,8.69,7.03,1.66,0.24,22.36,17.27,5.09,0.29,1.61,1.12,0.49,0.44,2.57,2.24,0.33,0.15,0.48,,0,,1,1,0,1,4.83,4.8,0.03,0.01,0,0,0,,41.99,53.08,-11.09,-0.21,1,2,1,2,1,1,0,0,0,0,0,0,0,0,0,0,0,1,1,1,1,2012,0,1,2016,1,957,836.8,793.7,163.3,0.21,,,,,0.3,0.7,0.4,1.33,619428,622159,2731,64.420512,62.2159,
Morocco,LM,Middle East & North Africa,2.9,2.9,3.7,5.3,-0.8,-0.22,2.3,2.3,2.7,4.2,3.4,3.6,4.7,6.3,,0.38,0.5,0.53,0.54,0.54,0.55,0.62,0.57,0.56,0.58,0.53,-0.17,-0.309090909,17.7,,,,,1,1,1,0.45,0.9,-0.45,-0.5,4.1,2.33,1.77,0.76,0.03,0.01,0.02,2,0.05,0.04,0.01,0.25,0.03,0.25,0,,1,1,0,1,2.08,2.39,-0.31,-0.13,0,,,,4.24,4.51,-0.27,-0.06,2,2,1,2,1,1,1,1,0,1,1,1,1,0,1,0,1,1,1,1,1,,0,0,,0,435.3,389.1,375.7,59.6,0.16,,,,,19.6,16,-3.6,-0.18,32409639,34803322,2393683,1199.156643,1009.296338,0.783783784
Mozambique,L,Sub-Saharan Africa,4.9,4.9,5.6,6.7,-0.7,-0.13,7.4,7.4,8.2,9.8,2.5,2.6,3,3.8,1.29,1.23,1.1,1,0.99,0.93,0.85,0.74,0.76,0.69,0.6,0.62,0.38,0.447058824,43.7,0.16,,6.784,,0,1,0,0.05,0.04,0.01,0.25,0.72,0.19,0.53,2.79,0.01,0.02,-0.01,-0.5,0.34,0.24,0.1,0.42,0.01,0.35,0.02,0,1,1,1,0,0.51,0.84,-0.33,-0.39,,0,,,1.99,2.16,-0.17,-0.08,1,1,2,0,0,0,0,1,0,1,1,1,0,0,1,0,1,0,0,0,0,,0,0,,0,63.7,42.4,46,17.7,0.38,,,,,75.8,70.1,-5.7,-0.08,24221405,28010691,3789286,1356.39868,1372.523859,0.875
Myanmar,LM,East Asia & Pacific,7.8,7.6,7.3,7.7,0.3,0.04,5.9,5.8,5.6,5.4,9.5,9.3,8.9,9.9,,1.6,1.78,1.67,1.36,1.09,0.97,0.86,0.78,0.72,0.65,0.62,0.63,0.649484536,33.4,,0.74,,48.692,1,1,1,0.29,0.09,0.2,2.22,0.25,0.19,0.06,0.32,0.01,0.01,0,0,0,0,0,,0,0.07,0,0,0,1,0,0,0.41,0.3,0.11,0.37,,0.04,,,2.61,2.48,0.13,0.05,1,1,1,1,0,1,0,0,0,0,0,0,0,0,0,0,0,1,1,0,0,,0,0,,0,267.2,65.8,67.7,199.5,2.95,,,,,,,,,50155896,52403669,2247773,3661.380408,3982.678844,1.04109589
Namibia,UM,Sub-Saharan Africa,8.7,9,10.4,10.4,-1.4,-0.13,14.1,14.5,16.9,16.9,3.6,3.8,4.3,4.2,,7.83,7.83,7.83,6.34,7.71,7.44,7.87,6.16,5,4.84,4.74,0.39,0.052419355,59.7,,,,,1,1,1,0.34,0.23,0.11,0.48,5.32,5.88,-0.56,-0.1,0.17,0.09,0.08,0.89,1.79,1.36,0.43,0.32,0,0.09,0,0.05,0,1,0,1,12.01,8.27,3.74,0.45,0,0,0,,0,0,0,,,,,,1,1,0,1,0,1,0,1,0,0,0,0,1,0,0,0,0,,0,0,,0,942.5,847.3,784.8,157.7,0.2,,,,,30,24.8,-5.2,-0.17,2173170,2425561,252391,226.00968,218.30049,0.865384615
Nepal,L,South Asia,8.8,9.1,10.5,12.5,-1.4,-0.13,9.7,10,10.7,13,7.9,8.3,10.2,12,,0.58,0.69,0.6,0.26,0.25,0.23,0.22,0.21,0.2,0.2,0.23,0.35,1.52173913,36.7,0.7,,72.17,,0,0,1,0.22,0.18,0.04,0.22,,0.25,,,,,,,,0.04,,,0,0.08,0.01,,0,1,1,1,,1.34,,,,,,,0.18,0.15,0.03,0.2,1,1,0,0,0,0,0,0,0,0,0,0,0,0,0,0,0,0,0,0,0,,0,0,,0,150.6,103.1,96.8,53.8,0.56,,,,,78.5,70.3,-8.2,-0.1,27023137,28656282,1633145,2837.429385,2607.721662,0.866666667
Netherlands,H,Europe & Central Asia,12.6,12.5,10,9.9,2.5,0.25,16.2,16,14,13.5,9,9,6,6.4,,8.03,8.16,8.54,9.28,9.17,9.32,9.22,9.61,9.51,9.78,9.67,-1.29,-0.138412017,38.1,10.65,0.59,51728.115,2865.689,1,1,1,20.1,18.77,1.33,0.07,2.87,132.26,-129.39,-0.98,,,,,90.76,15.05,75.71,5.03,0.56,1.19,260.08,0.12,1,1,1,1,10.5,10.51,-0.01,0,78.7,76.26,2.44,0.03,,127.3,-127.3,-1,2,2,0,2,1,1,0,0,0,0,0,1,0,0,0,0,1,1,1,1,1,2007,1,0,2016,0,5313.2,4857.1,4649.3,663.9,0.14,2.685300112,4.101299763,1.415999651,53%,0,0,0,,16615394,16939923,324529,1661.5394,2117.490375,1.25
New Zealand,H,East Asia & Pacific,12.1,12.1,13,13.3,-0.9,-0.07,17.9,17.9,18.6,19.7,6.6,6.6,7.5,7.1,9.24,8.87,9.15,9.25,9.24,9.48,9.63,9.23,9.47,9.19,9.35,9.33,-0.76,-0.078920042,42.9,10,0.16,31065,497.04,1,1,1,,9.76,,,,89.32,,,,,,,,13.78,,,0,,,,0,1,1,1,20.04,21.35,-1.31,-0.06,18.11,37.39,-19.28,-0.52,38.89,0,38.89,,2,2,1,2,1,1,1,0,1,1,0,1,0,1,1,0,1,0,0,0,0,1996,1,0,2015,1,3530.1,3106.5,3006.4,523.7,0.17,,,,,,,,,4350700,4595700,245000,565.591,556.0797,0.930769231
Nicaragua,LM,Latin America & Caribbean,12.2,12.2,12.5,14.4,-0.3,-0.02,19.3,19.3,19.3,21.8,5.3,5.4,5.9,7.1,3.86,3.73,3.54,3.56,3.61,3.36,3.34,3.32,3.58,3.77,3.63,3.64,0.39,0.116766467,38.7,1,0.91,299.5,272.545,0,1,0,,0.88,,,,1.65,,,,0.38,,,,2.04,,,0.02,0.58,0.07,0.27,1,1,1,1,,,,,,,,, ,3.37,,,2,2,2,0,0,0,1,1,0,1,1,1,0,0,0,0,1,0,0,0,0,,0,0,,0,406,299.5,256.6,149.4,0.58,,,,,32.9,29.6,-3.3,-0.1,5737723,6082035,344312,717.215375,742.00827,0.976
Niger,L,Sub-Saharan Africa,4.6,4.7,4.9,4.9,-0.2,-0.04,5.9,6,6.1,6.1,3.3,3.3,3.6,3.7,,0.11,0.11,0.1,0.16,0.13,0.11,0.1,0.11,0.1,0.1,0.1,0,0,32.2,,,,,0,1,0,0.02,0.03,-0.01,-0.33,0.1,0.13,-0.03,-0.23,0.02,0.01,0.01,1,0.03,0.13,-0.1,-0.77,0,0.03,0.03,0,0,1,1,0,0.87,1.01,-0.14,-0.14,,0,,,0.9,0,0.9,,0,1,0,2,0,0,0,0,0,1,1,1,0,0,0,0,1,0,0,0,0,1983,1,0,1984,0,68.5,51.7,49.8,18.7,0.38,,,,,95,93.4,-1.6,-0.02,16425578,19896965,3471387,804.853322,935.157355,0.959183673
Nigeria,LM,Sub-Saharan Africa,9.5,9.6,10,9.6,-0.4,-0.04,9.9,9.7,9,9.2,9.2,9.5,10.9,10.1,,9.62,9.64,9.63,9.9,10.13,10.31,10.49,10.71,10.98,11.09,11.16,-0.69,-0.066925315,55,,,,,1,1,1,0.1,0.06,0.04,0.67,0.7,0.19,0.51,2.68,0.04,0.02,0.02,1,0.02,0.02,0,0,0.01,0.03,,,1,1,1,1,0.21,,,,,,,,1.32,2.53,-1.21,-0.48,0,1,1,0,1,1,1,0,0,0,0,1,0,0,0,0,0,0,0,0,0,,0,0,,0,215.2,173.6,164.9,50.3,0.31,,,,,47.3,44.2,-3.1,-0.07,158578261,181181744,22603483,15857.8261,17393.44742,0.96
Norway,H,Europe & Central Asia,12.2,12.4,12.6,12.7,-0.2,-0.02,15.9,15.6,16.5,16.5,8.4,9.1,8.6,8.9,6.03,5.97,6.06,6.22,6.21,6.44,6.59,6.68,6.75,6.6,6.47,6.37,-0.62,-0.094081942,40.5,,,,,1,1,1,29.69,30.77,-1.08,-0.04,123.08,120.88,2.2,0.02,26.45,,,,54.28,0.45,53.83,119.62,0.39,3.6,,,1,1,1,1,,,,,,,,,84.55,89.14,-4.59,-0.05,0,1,0,1,1,1,1,0,0,1,1,0,0,0,1,1,1,0,0,0,0,1998,1,0,2012,1,6221.6,5492.1,5200.6,1021,0.2,1.853999972,2.493400097,0.639400125,34%,0,0,0,,4889252,5190239,300987,616.045752,643.589636,0.984126984
Oman,H,Middle East & North Africa,3.9,4.1,3.7,3.4,0.4,0.11,5.6,5.9,5.5,5.3,0.8,0.8,0.8,0.9,0.39,0.39,0.39,0.42,0.48,0.51,0.53,0.53,0.54,0.54,0.56,0.62,-0.14,-0.264150943,28.6,,,,,0,1,1,2.32,2.31,0.01,0,12.71,6.57,6.14,0.93,0.26,0.07,0.19,2.71,0.38,0.17,0.21,1.24,0.03,0.89,0,0,1,1,0,0,0.26,0.41,-0.15,-0.37,,0,,,5.6,2.2,3.4,1.55,2,2,0,2,1,1,0,0,0,1,1,1,0,0,1,0,1,1,1,0,0,,0,0,,0,1635.9,1074.3,1218.9,417,0.34,,,,,,,,,3041460,4199810,1158350,112.53402,172.19221,1.108108108
Pakistan,LM,South Asia,2.9,2.9,3.1,3.5,-0.2,-0.06,2.7,2.8,2.8,3,3,3.1,3.4,4.1,0.04,0.04,0.04,0.03,0.03,0.04,0.04,0.03,0.03,0.03,0.03,0.04,0,0,5.3,,,,,1,1,1,0.31,0.19,0.12,0.63,15.43,7.38,8.05,1.09,2.32,1.7,0.62,0.36,1.09,0.26,0.83,3.19,0,2.02,0,0,0,1,0,0,2.28,1.75,0.53,0.3,1.2,0,1.2,,2.1,0.99,1.11,1.12,,,,,0,0,0,0,0,0,0,0,0,0,0,0,0,1,1,1,1,,0,0,,0,134.4,101.6,109,25.4,0.23,4.311900139,40.18740082,35.87550068,832%,42.1,36.4,-5.7,-0.14,170560182,189380513,18820331,5287.365642,5492.034877,0.935483871
Panama,H,Latin America & Caribbean,4.3,3.9,5.1,6.3,-1.2,-0.24,7.4,6.5,8.6,10.7,1.2,1.3,1.5,1.8,6.69,6.92,7.29,7.35,7.11,7.05,6.9,6.9,6.74,6.15,5.73,5.55,0.02,0.002898551,44.5,,,,,0,1,1,3.8,3.99,-0.19,-0.05,5.94,2.74,3.2,1.17,3.01,,,,3.39,,,,0,2.99,0.03,0,0,1,1,0,6.06,2.91,3.15,1.08,,0,,,3.82,0,3.82,,0,1,1,2,1,1,1,1,1,1,1,1,1,1,1,1,1,0,0,0,0,,0,0,,0,1542.8,1020.6,1002.7,540.1,0.54,3.956099987,1.941699982,-2.014400005,-51%,15.3,12.3,-3,-0.2,3643222,3969249,326027,185.804322,154.800711,0.764705882
Papua New Guinea,LM,East Asia & Pacific,6,6,5.4,5.8,0.6,0.11,8.6,8.5,7.6,8.1,3.3,3.4,3.2,3.4,,0.71,0.76,0.83,0.87,0.88,0.79,0.82,0.81,0.71,0.64,0.84,-0.08,-0.101265823,60.7,0.1,,7.24,,1,1,1,0.09,0.09,0,0,,2.9,,,,0.07,,,,0.01,,,0.01,0.29,0.29,0,1,1,1,0,0.27,0.29,-0.02,-0.07,,0,,,1.07,1.16,-0.09,-0.08,0,1,0,0,0,0,0,0,0,0,0,0,0,0,0,0,0,0,0,0,0,,0,0,,0,98.6,72.4,63.2,35.4,0.56,,,,,64.5,35,-29.5,-0.46,7108239,7919825,811586,383.844906,475.1895,1.111111111
Paraguay,UM,Latin America & Caribbean,9.5,9.9,9.3,10.1,0.6,0.06,12.4,13,12.2,13.3,6.5,6.6,6.3,6.8,5.8,5.63,6.07,6.14,6.17,6.6,6.81,6.64,7.69,6.66,6.51,5.98,-1.18,-0.173274596,48.2,0.31,,156.55,,0,1,1,2,0.84,1.16,1.38,4,3.73,0.27,0.07,0.41,0.33,0.08,0.24,3.41,2.07,1.34,0.65,0.02,0.62,0.02,0.05,1,1,1,1,0.23,0.23,0,0,0.81,0.43,0.38,0.88,4.93,4.64,0.29,0.06,,,,,0,0,0,0,0,0,0,1,0,0,0,0,0,1,1,1,1,2011,0,1,,1,724.3,505,444.7,279.6,0.63,2.765399933,3.293200016,0.527800083,19%,29,22.4,-6.6,-0.23,6209877,6639119,429242,577.518561,657.272781,1.064516129
Peru,UM,Latin America & Caribbean,4.9,4.9,4.6,4.6,0.3,0.07,7.2,7.2,6.7,6.6,2.7,2.7,2.5,2.6,,5.1,5.14,5.06,5.38,5.26,5.28,5.18,5.14,4.7,4.67,4.96,-0.18,-0.034090909,49.5,0.27,,129.438,,0,1,1,0.76,0.57,0.19,0.33,6.09,1.86,4.23,2.27,0.22,0.05,0.17,3.4,5.06,1.71,3.35,1.96,0.01,2.47,,,1,1,1,1,0.25,,,,0.05,,,,3.65,3.62,0.03,0.01,2,2,1,1,1,1,1,1,0,1,0,1,1,0,0,0,1,0,0,0,0,,0,0,,0,671,479.4,463.6,207.4,0.45,6.672200203,6.006000042,-0.666200161,-10%,15.2,9.9,-5.3,-0.35,29373646,31376671,2003025,1351.187716,1537.456879,1.065217391
Philippines,LM,East Asia & Pacific,3.2,3.2,3.3,2.6,-0.1,-0.03,4.3,4.5,4.7,3.7,2,2,1.9,1.5,4.55,4.41,4.55,4.53,4.95,4.9,4.78,4.37,4.18,4.16,4.06,4.21,-0.37,-0.077405858,38,,,,,0,1,1,0.46,0.38,0.08,0.21,0.49,0.72,-0.23,-0.32,0.07,0.02,0.05,2.5,0.07,0.22,-0.15,-0.68,0,0.05,0,0.02,0,1,0,1,1.08,,,,0.03,1.56,-1.53,-0.98,4.95,4.49,0.46,0.1,1,2,0,1,1,1,0,0,0,0,0,1,0,0,1,0,0,0,1,0,1,2001,1,0,2016,0,322.8,240.1,236.5,86.3,0.36,9.319999695,7.28000021,-2.039999485,-22%,27.4,19.2,-8.2,-0.3,93726624,101716359,7989735,3092.978592,3254.923488,0.96969697
Poland,H,Europe & Central Asia,16.2,15.8,18.6,17.7,-2.8,-0.15,28.9,28.4,33.4,31.1,4.3,4.1,4.8,5.2,10.43,10.48,10.45,10.79,10.19,10.21,10.04,10.7,11.4,10.9,10.4,9.5,0.44,0.043824701,51.6,5.08,0.73,7236.46,1039.885,1,1,1,5.07,5.13,-0.06,-0.01,18.66,17.64,1.02,0.06,0.73,0.62,0.11,0.18,5.34,3.6,1.74,0.48,0.14,3.2,0.65,0.01,1,1,1,1,15.25,14.3,0.95,0.07,14.16,0.11,14.05,127.73,35.01,39.47,-4.46,-0.11,2,2,0,0,1,1,0,1,0,0,0,1,0,0,0,0,0,0,0,0,0,1996,1,0,2016,0,1704.2,1424.5,1354.4,349.8,0.26,5.325799942,4.326300144,-0.999499798,-19%,0.3,0.2,-0.1,-0.33,38042794,37986412,-56382,7075.959684,6001.853096,0.849462366
Portugal,H,Europe & Central Asia,14,13.8,13.5,11.1,0.3,0.02,22.2,22,21.1,17.4,6.5,6.4,6.6,5.2,10.66,10.54,10.35,10.54,10.86,11.91,12.23,12.03,12.35,12.59,13.12,13.34,-1.69,-0.138184791,38.4,5.24,0.45,13355.188,1146.915,1,1,1,4.49,6.14,-1.65,-0.27,12.46,12.13,0.33,0.03,0.7,1.01,-0.31,-0.31,2.24,2.11,0.13,0.06,0.06,0.81,0.27,0.2,1,1,1,1,7.36,9.41,-2.05,-0.22,6.3,2.07,4.23,2.04,8.09,15.96,-7.87,-0.49,2,2,1,2,1,1,1,0,0,1,1,1,0,0,1,1,1,0,0,0,0,2000,1,0,2013,1,2661.4,2548.7,2686.5,-25.1,-0.01,7.635799885,9.627200127,1.991400242,26%,0.3,0.4,0.1,0.33,10573100,10358076,-215024,1427.3685,1429.414488,1.022222222
Qatar,H,Middle East & North Africa,6.6,6.5,6.1,3.2,0.4,0.07,8.5,8.3,7.7,4.4,0.9,0.9,0.9,0.8,1.31,1.26,1.2,1.24,1.16,1.17,1.14,1.08,1.34,1.2,1.24,1.16,0.12,0.105263158,50.7,,,,,0,1,1,2.95,1.66,1.29,0.78,8.82,10.94,-2.12,-0.19,0.13,0.46,-0.33,-0.72,1.28,1.26,0.02,0.02,0.07,1.06,0.13,0.07,1,1,1,1,0,0,0,,0.44,0.99,-0.55,-0.56,3.04,3.98,-0.94,-0.24,2,2,0,2,1,1,0,0,0,0,0,0,0,0,0,0,0,0,0,0,0,,0,0,,0,3900.3,2069.6,2193.8,1706.5,0.78,,,,,,,,,1779676,2481539,701863,108.560236,161.300035,1.06557377
Republic of Korea,H,East Asia & Pacific,26.9,28.3,34.1,26.8,-5.8,-0.17,38.4,39.9,45.1,35.7,15.4,16.5,23.1,17.8,,9.06,8.95,8.77,8.98,8.86,8.9,8.97,9.31,9.05,8.83,9.03,0.16,0.017977528,47.7,,,,,1,1,1,,5.12,,,,21.61,,,,6.01,,,,1.12,,,2.54,2.35,0.11,0.26,1,1,1,1,54.53,41.24,13.29,0.32,4.73,3.65,1.08,0.3,113.11,149.23,-36.12,-0.24,,,,,1,1,1,1,0,1,1,1,0,0,1,0,1,1,0,0,0,2006,1,0,2010,1,2556,2056,1976,580,0.29,,,,,,,,,49554112,51014947,1460835,16897.95219,14437.23,0.829912024
Republic of Moldova,LM,Europe & Central Asia,15.9,16.4,20.9,19.2,-4.5,-0.22,27.9,28.5,37,33.8,4.7,5.2,5.9,5.8,9.3,9.39,9.14,9.62,9.85,8.67,7.55,7.77,8.35,8.94,7.72,10.16,1.84,0.243708609,40.9,3.24,0.84,1477.44,383.04,1,1,0,5.92,5.03,0.89,0.18,22.07,16.61,5.46,0.33,0.23,,,,0.55,0.45,0.1,0.22,0.08,1.51,0.08,,1,1,1,1,5.37,0.84,4.53,5.39,,,,,59.8,58.17,1.63,0.03,2,2,0,0,1,1,0,1,0,1,1,1,0,1,1,1,1,0,1,0,1,2012,0,1,2016,1,515.3,456,465.7,49.6,0.11,,,,,,,,,3562045,3554108,-7937,744.467405,582.873712,0.784688995
Romania,UM,Europe & Central Asia,10.4,11.6,14,12.5,-2.4,-0.17,17.9,20.3,23.9,20.9,3.3,3.5,4.8,4.4,,10.4,10.46,10.59,10.55,10.4,10.79,11.77,13.11,11.6,10.29,9.95,-0.39,-0.036144578,51.7,,,,,1,1,1,5.98,6.45,-0.47,-0.07,16.87,14.16,2.71,0.19,0.54,,,,1.41,,,,0.18,0.42,0.2,,1,1,1,1,21.26,36.38,-15.12,-0.42,0,,,,50.56,38.26,12.3,0.32,2,2,2,2,1,1,0,0,0,0,0,1,0,0,1,0,1,0,0,0,0,,0,0,,0,1090.4,839.5,978.4,112,0.11,4.861199856,4.350900173,-0.510299683,-10%,0.1,0,-0.1,-1,20246871,19815481,-431390,2834.56194,2298.595796,0.828571429
Russian Federation,UM,Europe & Central Asia,31,32.1,40,51.6,-7.9,-0.2,55.9,57.8,71.7,92.5,9.4,9.9,12.5,16,8.42,8.41,8.85,9.92,10.89,10.95,10.98,11.25,12.09,12.23,11.83,11.59,-2.57,-0.234061931,60.6,,,,,1,1,1,11.06,11.61,-0.55,-0.05,33.24,46.26,-13.02,-0.28,1.76,1.56,0.2,0.13,2.61,5.42,-2.81,-0.52,0.26,2.97,0.31,0.01,1,1,1,1,,1.75,,,,0.25,,,102.78,109.53,-6.75,-0.06,0,1,1,2,1,1,1,0,0,1,1,0,1,0,0,0,1,0,1,0,0,2009,1,0,2015,1,1414,1159.9,1089.5,324.5,0.3,6.78249979,5.204899788,-1.577600002,-23%,4.9,3.2,-1.7,-0.35,142849449,144096870,1247421,57139.7796,46255.09527,0.8025
Rwanda,L,Sub-Saharan Africa,6.7,6.8,7.5,10.9,-0.7,-0.09,9.7,9.7,10.7,14,3.8,3.9,4.5,7.9,,6.91,6.83,6.9,7.13,7.3,7.7,7.35,7.57,7.89,8.85,9.31,-0.79,-0.102597403,54.6,,,,,0,1,1,,0.05,,,,1.3,,,,0.12,,,,0.07,,,0.01,0.01,0.01,0.01,1,1,1,1,,0.7,,,,0.21,,,2.9,3.02,-0.12,-0.04,2,2,2,2,0,0,1,1,1,1,1,1,1,0,1,1,1,0,0,0,0,,0,0,,0,143.2,134.5,129.3,13.9,0.11,,,,,75.3,64.7,-10.6,-0.14,10246842,11629553,1382711,768.51315,790.809604,0.906666667
Saint Lucia,UM,Latin America & Caribbean,7.8,7.8,6.1,3,1.7,0.28,13.5,13.6,10.8,6.1,2.2,2.2,1.6,0,9.69,9.66,9.5,9.26,9.63,10.26,10.68,10.83,11.82,12.43,13.22,12.1,-1.02,-0.095505618,49.7,4.13,0.97,3059.917,718.673,1,0,0,1.09,1.72,-0.63,-0.37,26.14,17.25,8.89,0.52,1.09,0,1.09,,,3.45,,,0.57,5.17,0,0,1,1,0,0,,,,,,0,,,53.38,68.99,-15.61,-0.23,,,,,1,1,0,0,0,0,0,0,0,0,0,0,0,1,1,1,1,,0,0,,0,681.4,740.9,703.4,-22,-0.03,,,,,,,,,172580,177206,4626,10.52738,13.822068,
Saint Vincent and the Grenadines,UM,Latin America & Caribbean,2.4,2.7,3.3,9.9,-0.6,-0.18,3.9,4.4,6,16.7,0.9,1,0.6,2.9,7.44,7.25,6.99,6.89,6.93,7.02,6.99,6.84,6.91,5.88,5.92,6.03,0.26,0.037195994,48.4,5.6,1,2377.2,424.5,1,0,0,0.91,1.83,-0.92,-0.5,17.37,10.07,7.3,0.72,1.83,0.92,0.91,0.99,3.66,0,3.66,,0.92,4.58,0,0,1,1,0,0,0,,,,0,0,0,,96,146.41,-50.41,-0.34,,,,,0,0,1,1,1,1,1,1,1,1,1,1,1,0,0,0,0,,0,0,,0,469.5,424.5,431.4,38.1,0.09,,,,,,,,,109315,109455,140,3.607395,2.955285,
Samoa,UM,East Asia & Pacific,4.4,4.5,5,6.5,-0.5,-0.1,6.7,6.8,7.8,10,1.9,1.9,2.1,2.7,,1.97,2.01,1.9,2.19,2.16,3.01,2.88,3.97,3.85,3.52,3.63,-1.04,-0.34551495,62.2,,,,,1,1,1,0.52,0.56,-0.04,-0.07,2.09,1.68,0.41,0.24,0.52,0,0.52,,0,0,0,,,0.56,0.56,0,1,1,1,0,0.52,0,0.52,,,0,,,0.52,,,,0,0,1,0,0,0,1,1,1,1,1,1,1,1,1,1,1,0,0,0,0,2016,0,0,,0,335.9,316.3,288.8,47.1,0.16,,,,,,,,,186205,193759,7554,9.31025,8.719155,
Sao Tome and Principe,LM,Sub-Saharan Africa,2.3,2.3,2,1.8,0.3,0.15,3,3,2.7,2.4,1.6,1.5,1.4,1.2,,4.85,5.39,4.78,4.83,5.9,5.8,4.31,4.53,4.29,5.63,5.5,-0.95,-0.163793103,43.6,,,,,0,0,0,0.51,0.6,-0.09,-0.15,,4.84,,,0.51,0.6,-0.09,-0.15,1.52,0.6,0.92,1.53,0.6,0.6,0.6,0,1,1,1,0,,18.14,,,,0,,,12.13,18.14,-6.01,-0.33,0,0,0,0,0,0,0,1,0,1,0,1,0,0,0,0,1,0,0,0,0,,0,0,,0,308.4,151.3,136.4,172,1.26,,,,,,,,,174776,195553,20777,3.49552,4.497719,
Saudi Arabia,H,Middle East & North Africa,3.2,3.2,3.4,3,-0.2,-0.06,4.5,4.4,5,4.4,1.5,1.5,1.4,1.2,,0.08,0.08,0.08,0.08,0.09,0.08,0.08,0.08,0.1,0.07,0.05,0,0,2.9,3.89,,6825.783,,1,1,1,2.14,2.91,-0.77,-0.26,10.49,13.41,-2.92,-0.22,2.47,2.9,-0.43,-0.15,1.38,1.66,-0.28,-0.17,0.08,0.36,0.01,0.01,1,1,1,1,0.27,0.38,-0.11,-0.29,,0.91,,,19.5,11.43,8.07,0.71,2,1,0,2,1,1,0,0,0,0,0,0,0,0,0,0,0,1,1,1,1,,0,0,,0,3121.3,1754.7,1551,1570.3,1.01,,,,,,,,,27425676,31557144,4131468,932.472984,1009.828608,0.941176471
Senegal,L,Sub-Saharan Africa,6,6.2,6.9,8.1,-0.7,-0.1,9.3,9.6,10.4,12,2.9,3,3.6,4.3,,0.25,0.25,0.25,0.28,0.31,0.28,0.3,0.28,0.32,0.35,0.33,-0.03,-0.107142857,32.9,,,,,1,1,1,0.14,0.33,-0.19,-0.58,0.34,0.79,-0.45,-0.57,0.06,0.1,-0.04,-0.4,0.02,0.03,-0.01,-0.33,0.04,0.08,0,0.01,1,1,0,1,0.55,0.6,-0.05,-0.08,0.46,0.51,-0.05,-0.1,0.85,1.91,-1.06,-0.55,0,1,1,0,1,1,0,0,0,0,0,0,0,0,0,0,0,0,0,0,0,,0,0,,0,97.1,85.2,85.8,11.3,0.13,,,,,42.3,41.4,-0.9,-0.02,12916229,14976994,2060765,891.219801,928.573628,0.898550725
Serbia,UM,Europe & Central Asia,15.6,15,15.9,18.8,-0.9,-0.06,23.5,22.3,23.9,26.8,8.1,8.1,8.2,11.2,9.17,9.13,8.77,9.06,9.05,8.96,9.09,8.6,8.61,8.72,8.52,,0.04,0.00440044,48.4,,,,,0,1,1,7.35,9.61,-2.26,-0.24,12.22,15.98,-3.76,-0.24,0.9,1.17,-0.27,-0.23,1.3,1.7,-0.4,-0.24,0.05,0.73,,,1,1,1,1,19.83,,,,,,,,39.03,39.37,-0.34,-0.01,2,2,0,1,1,1,0,1,0,1,1,1,1,0,0,1,1,1,1,1,1,,0,0,,0,1323.7,1250,1219.2,104.5,0.09,12.86209965,17.02050018,4.158400536,32%,0.5,0.5,0,0,7291436,7095383,-196053,1159.338324,1064.30745,0.943396226
Seychelles,H,Sub-Saharan Africa,9.3,9.4,9.4,9.1,0,0,16.4,16.5,15.9,15.8,2.4,2.5,2.5,2.5,,11.5,9.77,9.36,8.16,8.58,5.92,5.53,6.76,7.49,7.01,8.4,5.58,0.942567568,46.8,,,,,1,0,0,2.14,2.36,-0.22,-0.09,12.86,20.09,-7.23,-0.36,0,1.18,-1.18,-1,4.29,2.36,1.93,0.82,1.18,1.18,0,0,1,1,0,0,26.79,,,,0,0,0,,42.87,47.28,-4.41,-0.09,1,2,1,2,1,1,1,1,1,1,1,1,0,0,1,1,1,0,0,0,0,2003,1,0,2015,1,867.3,723.6,702.5,164.8,0.23,,,,,,,,,89770,93419,3649,8.43838,8.781386,
Sierra Leone,L,Sub-Saharan Africa,9.7,9.3,9.2,10.4,0.1,0.01,11.3,10.8,10.8,12.7,8.1,7.9,7.7,8.2,,3.42,3.4,3.53,3.6,3.84,3.91,4.06,4.02,3.97,3.92,3.95,-0.49,-0.125319693,41.4,,,,,0,1,1,0.03,0.02,0.01,0.5,1.31,0.09,1.22,13.56,,0,,,,0,,,0.02,0,0,0,1,0,0,0,,0,,,,0,,,6.45,3.43,3.02,0.88,,,,,0,0,0,0,0,0,0,1,0,0,0,0,0,0,0,0,0,,0,0,,0,256.3,131.5,108.4,147.9,1.36,,,,,83.6,66.3,-17.3,-0.21,6458720,7237025,778305,594.20224,673.043325,1.010869565
Singapore,H,East Asia & Pacific,9.9,9,10,11.6,-1,-0.1,13.8,12.1,13,15.7,6.1,6.1,7,7.6,1.81,1.8,1.83,1.84,1.93,1.89,1.84,1.72,1.69,1.59,1.55,1.49,-0.04,-0.02173913,42.9,4.14,0.72,9874.314,1717.272,1,1,1,3.48,2.81,0.67,0.24,17.73,,,,1.04,,,,1.23,,,,0.02,0.06,0.52,0.27,1,1,1,1,1.41,1.41,0,0,6.45,35.46,-29.01,-0.82,36.43,40.85,-4.42,-0.11,1,2,2,1,1,1,1,0,1,1,1,1,0,0,0,1,1,1,1,0,0,2015,0,0,,0,3681.3,2385.1,2277.3,1404,0.62,,,,,,,,,5076732,5535002,458270,507.6732,498.15018,0.9
Slovakia,H,Europe & Central Asia,12.8,12.8,13.9,13.8,-1.1,-0.08,22.7,22.6,24.4,24.3,3.5,3.5,3.9,3.9,10.14,10.78,10.89,10.54,10.66,10.78,10.55,10.69,11.43,10.63,10.31,10.83,0.23,0.021800948,52.3,,0.28,,537.236,1,1,1,,11.48,,,,19.27,,,,,,,,,,,0.17,6.39,0.33,4.93,1,1,1,1,,38.1,,,,248.89,,, ,30.93,,,2,2,1,1,1,1,1,0,0,1,0,1,0,0,1,0,1,1,0,1,0,1993,1,0,2016,0,2062,1918.7,1951.3,110.7,0.06,,,,,,,,,5391428,5423801,32373,749.408492,694.246528,0.920863309
Slovenia,H,Europe & Central Asia,18.6,21,20.7,27.1,0.3,0.01,30.4,33.3,34,42.9,6.9,8.9,7.6,12,10.51,11.49,10.92,9.53,10.95,10.61,10.31,10.52,10.94,11.02,12.26,11.19,1.18,0.114451988,52.6,8,,19704,,1,0,0,10.21,7.06,3.15,0.45,89.57,69.68,19.89,0.29,1.49,3.75,-2.26,-0.6,3.61,4.54,-0.93,-0.2,0.3,4.59,1.09,2.22,1,1,1,1,8.67,8.89,-0.22,-0.02,11.9,10.47,1.43,0.14,57.09,67.66,-10.57,-0.16,0,2,1,2,1,1,1,1,1,1,1,1,0,0,1,1,1,1,1,1,1,2000,1,0,2016,0,2733.8,2463,2381.5,352.3,0.15,4.441899776,6.648900032,2.207000256,50%,0,0,0,,2048583,2063531,14948,424.056681,433.34151,1.014492754
Solomon Islands,LM,East Asia & Pacific,4.7,4.9,5.8,7.6,-0.9,-0.16,6.8,7,8,10.3,2.6,2.7,3.4,4.8,,0.98,0.95,0.98,1,1.05,1.09,1.2,1.07,0.82,1.01,1.13,-0.11,-0.100917431,60.3,1.3,,192.79,,1,0,0,0.18,0.19,-0.01,-0.05,8.38,1.12,7.26,6.48,0,,,,0,,,,0.19,,0,0,1,1,0,0,,0.75,,,,0,,,3.49,4.48,-0.99,-0.22,1,1,0,0,0,0,0,0,0,0,0,0,0,0,0,0,0,0,0,0,0,,0,0,,0,173,148.3,128.6,44.4,0.35,,,,,,,,,527790,587482,59692,30.61182,28.786618,
Somalia,L,Sub-Saharan Africa,4.7,4.7,4.3,4.8,0.4,0.09,6.3,6.3,5.7,6.5,3.1,3.1,2.9,3.2,,0,0,0,0,0,0,0,0,0,0,0,0,,6.2,,,,,0,0,0,,0.04,,,,0.45,,,,0.96,,,,0,,,0.12,0.14,0.01,0,1,1,1,0,,1.39,,,,0,,,1.86,4.17,-2.31,-0.55,,,,,0,0,0,0,0,0,0,0,0,0,0,0,0,0,0,0,0,,0,0,,0,,,,0,#DIV/0!,,,,,,,,,12053223,13908129,1854906,518.288589,653.682063,1.093023256
South Africa,UM,Sub-Saharan Africa,11.6,11.8,12.2,11.8,-0.4,-0.03,18.7,19,19.2,18.2,4.7,4.8,5.4,5.6,7.12,7.12,7.17,7.19,7.26,7.28,7.28,8.03,8.6,8.83,8.78,8.94,-0.16,-0.021978022,59,,,,,1,1,1,0.39,0.27,0.12,0.44,,9.72,,,,0.39,,,,0.31,,,0.12,6.85,0.16,0.12,1,1,1,1,,2.7,,,,3.47,,,22.72,19.5,3.22,0.17,1,2,1,1,1,1,0,0,0,0,0,1,0,0,0,0,0,1,1,1,1,1999,1,0,2013,1,1086.4,908.6,863.7,222.7,0.26,7.61070013,9.575499535,1.964799404,26%,27.3,27.4,0.1,0,51584663,55291225,3706562,6293.328886,6524.36455,0.967213115
South Sudan,L,Sub-Saharan Africa,3.7,3.7,4.1,4.6,-0.4,-0.1,4.9,4.7,5.4,6.1,2.6,2.6,2.8,3.1,,,,,,,,,,,,,,,,,,,,,,,0.03,,,,0.09,,,,,,,,0.02,,,,,,,,1,1,1,1,0.14,,,,0,,,,0,,,,,,,,0,0,0,0,0,0,0,0,0,0,0,0,0,0,0,0,0,,0,0,,0,71.2,,,71.2,#DIV/0!,,,,,,,,,10067192,11882136,1814944,412.754872,439.639032,0.902439024
Spain,H,Europe & Central Asia,8.7,8.1,7,8.1,1.1,0.16,13.1,12,10.9,12.2,4.5,4.3,3.2,4.2,8.58,8.26,8.7,8.77,8.83,9.01,9.78,9.99,10.24,11.05,11.86,11.92,-1.52,-0.155419223,37.3,5,,14601,,0,1,1,8.08,8.59,-0.51,-0.06,9.69,6.57,3.12,0.47,2.6,,,,5.71,,,,0.19,1.15,0.25,,1,1,1,1,11.91,10.19,1.72,0.17,0,,,,26.81,32.73,-5.92,-0.18,1,2,2,2,1,1,1,1,0,1,1,1,0,0,1,1,1,0,0,0,0,1999,1,0,2009,0,3182.5,2920.2,2891.2,291.3,0.1,12.1498003,14.9520998,2.8022995,23%,0.1,0.2,0.1,1,46576897,46444832,-132065,3260.38279,3762.031392,1.157142857
Sri Lanka,LM,South Asia,14.6,14.8,19.1,23.1,-4.3,-0.23,23.5,24,30.4,37,6.4,6.2,8.3,9.6,,2.72,2.45,2.65,2.89,3.03,2.31,2.05,2.1,2.29,1.96,1.97,0.41,0.177489177,31.7,,,,,1,1,1,0.36,0.29,0.07,0.24,2.74,2.92,-0.18,-0.06,0.17,0.33,-0.16,-0.48,0.12,0.09,0.03,0.33,0,1.36,0.12,0.05,0,1,1,1,3.61,1.47,2.14,1.46,1.21,1.27,-0.06,-0.05,4.8,7.54,-2.74,-0.36,,,,,1,1,0,1,0,1,0,1,0,0,1,0,1,0,1,0,1,2015,0,0,,0,353.1,270.9,248.3,104.8,0.42,,,,,20.6,17.2,-3.4,-0.17,20198353,20966000,767647,3857.885423,3102.968,0.77486911
Sudan,LM,Sub-Saharan Africa,8.1,8,8,8.4,0,0,12.2,12.1,11.9,12.7,4,4,4,4.1,,,,0.06,0,,,1.99,2.01,2.01,1.9,1.55,,,18.1,,,,,0,1,1,,0.06,,,,0.1,,,,0.6,,,,0.48,,,0,0.04,0,0.02,0,1,0,1,0.38,0.9,-0.52,-0.58,0,1.62,-1.62,-1,2.34,0.42,1.92,4.57,1,2,0,0,0,0,0,1,0,1,1,1,0,0,0,0,1,0,0,0,0,,0,0,,0,277,253,232,45,0.19,,,,,33.7,39.5,5.8,0.17,34385963,38647803,4261840,2750.87704,3091.82424,1
Suriname,UM,Latin America & Caribbean,22.8,23.8,27,26.5,-3.2,-0.12,34.7,36.3,40.9,42.1,10.9,11.3,13,10.7,4.22,4.69,5.41,5.95,5.75,5.66,5.27,5.14,4.96,4.74,4.54,4.5,-0.58,-0.110056926,44.4,,,,,1,0,0,1.47,1.14,0.33,0.29,42.1,12.21,29.89,2.45,0,0.76,-0.76,-1,0.55,0.57,-0.02,-0.04,0.19,0.76,0.19,0,1,1,1,0,0,0,0,,0,0,0,,45.96,47.87,-1.91,-0.04,,,,,1,1,0,0,0,0,0,0,0,0,0,0,0,0,0,0,0,,0,0,,0,1016.9,833.9,759.5,257.4,0.34,,,,,,,,,526103,553208,27105,142.04781,131.663504,
Sweden,H,Europe & Central Asia,14.8,15.7,15.3,16.4,0.4,0.03,19.1,20.9,21,21.6,10.5,10.5,9.5,11.2,7.18,7.16,7.2,7.32,7.23,7.34,7.31,7.3,6.9,6.9,6.5,6.5,-0.15,-0.020519836,38.3,10,,46893,,1,1,1,18.31,3.55,14.76,4.16,52.9,28.9,24,0.83,,18.42,,,,0.93,,,0,,,,0,1,1,1,,34.91,,,,,,,,0,0,,2,2,2,2,1,1,0,0,0,0,0,1,0,0,0,0,1,1,1,0,1,2001,1,0,2016,0,5298.6,4689.3,3550.3,1748.3,0.49,4.412000179,3.830499887,-0.581500292,-13%,0,0,0,,9378126,9799186,421060,1434.853278,1538.472202,1.026143791
Switzerland,H,Europe & Central Asia,17.2,17.1,16.2,20.8,0.9,0.06,22,22,21.1,27,12.4,12.3,11.4,14.8,9.43,9.62,9.62,9.74,9.87,9.99,10.01,10.15,10.29,10.44,10.24,10.15,-0.39,-0.038961039,43.9,,,,,0,1,0,,41.42,,,,,,,,,,,,40.78,,,0.79,5.08,1.46,,1,1,1,1,,,,,,,,,72.47,101.05,-28.58,-0.28,1,2,1,1,1,1,1,1,1,1,1,1,0,0,0,1,1,1,0,0,1,2008,1,0,2012,1,7582.6,6080.1,5714.6,1868,0.33,3.601099968,3.731400013,0.130300045,4%,0,0,0,,7824909,8282396,457487,1267.635258,1416.289716,1.055555556
Syrian Arab Republic,L,Middle East & North Africa,1.9,1.9,1.9,1.6,0,0,2.9,2.9,3,2.5,0.9,0.9,0.8,0.6,,0.23,0.2,0.15,0.21,0.6,0.76,0.75,0.74,0.74,0.75,0.78,-0.53,-0.697368421,2,2,0.94,369.8,173.806,1,1,1,,0.31,,,0.83,1.21,-0.38,-0.31,0.05,0.12,-0.07,-0.58,0.12,0.1,0.02,0.2,0.02,0.11,0,0.16,1,1,0,1,0.09,0.22,-0.13,-0.59,,0.78,,,0.87,6.09,-5.22,-0.86,,,,,1,1,0,1,0,0,0,0,0,0,1,0,1,0,0,0,0,,0,0,,0,,184.9,169.5,-169.5,-1,,,,,25.1,18.9,-6.2,-0.25,21018834,18734987,-2283847,399.357846,355.964753,1
Tajikistan,L,Europe & Central Asia,2.5,2.5,2.5,2.9,0,0,3.7,3.7,3.6,4.2,1.3,1.3,1.3,1.6,0.91,0.9,0.87,0.79,0.76,0.7,0.67,0.68,0.59,0.59,0.63,0.76,0.23,0.343283582,40.6,1.22,0.84,160.796,110.712,1,0,0,2.16,1.36,0.8,0.59,7.14,4.17,2.97,0.71,0,0.06,-0.06,-1,0.01,0.01,0,0,0.21,0.69,0.1,,1,1,1,1,7.37,1.41,5.96,4.23,,,,,9.75,19.79,-10.04,-0.51,1,1,0,2,1,1,1,1,1,1,1,1,1,1,1,1,1,0,1,0,1,2005,1,0,2012,1,192.7,131.8,120.5,72.2,0.6,,,,,66.6,58.4,-8.2,-0.12,7641630,8548651,907021,191.04075,213.716275,1
Thailand,UM,East Asia & Pacific,14.4,14.6,14.3,12.7,0.3,0.02,23.4,23.6,22.6,19.4,5.9,5.9,6.4,6.2,,6.57,6.9,6.79,7.09,7.14,6.7,6.74,7.54,6.14,6.12,6.21,-0.13,-0.019402985,38.4,4,,1932,,1,1,1,0.87,0.44,0.43,0.98,4.46,3.38,1.08,0.32,0.34,0.62,-0.28,-0.45,0.72,0.44,0.28,0.64,0.03,0.14,0,0,1,1,0,0,0.57,0.09,0.48,5.33,,,,,6.36,12.79,-6.43,-0.5,2,2,2,2,0,1,0,1,0,1,1,1,0,0,0,1,1,1,1,0,0,2010,0,1,,1,610.2,483,448,162.2,0.36,1.937399983,1.475700021,-0.461699963,-24%,10,7.2,-2.8,-0.28,67208808,68657600,1448792,9610.859544,10024.0096,1.020979021
The former Yugoslav republic of Macedonia,UM,Europe & Central Asia,7.9,7.8,5.9,7.2,1.9,0.32,11.9,11.7,8.4,10.4,3.9,3.9,3.4,4,4.83,4.68,3.75,3.81,3.74,3.74,3.76,3.9,4.27,4.04,4.01,4.58,0.92,0.244680851,45.8,,,,,1,0,1,,9.98,,,,26.92,,,,0.83,,,,1.47,,,0.2,0.93,0.39,0.2,1,1,1,1,,7.34,,,,1.22,,,,56.28,-56.28,-1,2,1,1,0,1,1,1,1,1,1,1,1,1,1,1,1,1,1,1,1,1,2008,1,0,,0,857.1,762.9,785.9,71.2,0.09,,,,,,,,,2070739,2079308,8569,122.173601,162.186024,1.322033898
Timor-Leste,LM,East Asia & Pacific,4.6,4.6,5.3,6.2,-0.7,-0.13,6.2,6.2,7.3,8.3,2.9,2.9,3.3,4,,0.56,0.56,0.56,0.57,0.46,0.09,0.09,0.06,0.05,0.04,0.36,0.47,5.222222222,30.3,,,,,0,1,0,0.26,0.17,0.09,0.53,1.65,1.28,0.37,0.29,0.09,,,,0.09,,,,,,,,1,1,1,1,0,,,,1.04,,,,0,,,,,,,,0,0,0,1,1,1,1,1,0,0,1,1,1,0,0,0,0,,0,0,,0,141.3,122,109.8,31.5,0.29,,,,,61.7,56,-5.7,-0.09,1109591,1240977,131386,58.808323,57.084942,0.867924528
Togo,L,Sub-Saharan Africa,9.6,9.4,9.5,9.9,-0.1,-0.01,12.8,12.5,12.9,13.3,6.4,6.2,6.2,6.6,,1.66,1.66,1.63,1.38,1.53,1.3,1.31,1.41,1.45,1.46,1.11,0.36,0.276923077,36.9,,,,,0,1,1,0.04,0.03,0.01,0.33,0.01,0.59,-0.58,-0.98,0.07,0.07,0,0,0.89,0.29,0.6,2.07,0.01,0.1,0.03,0,1,1,1,0,0.34,0.29,0.05,0.17,0.57,0,0.57,,1.72,1.77,-0.05,-0.03,,,,,0,0,1,1,1,1,1,1,1,0,1,1,1,1,1,1,1,,0,0,,0,95.6,75.9,75.1,20.5,0.27,,,,,79.1,57.9,-21.2,-0.27,6502952,7416802,913850,617.78044,697.179388,0.989473684
Tonga,UM,East Asia & Pacific,3.5,3.5,3.6,3.4,-0.1,-0.03,4.3,4.2,4.3,4,2.7,2.7,2.8,2.9,,,,0.37,0.54,0.96,1.24,1.08,1.1,2.05,1.79,1.57,,,59.8,,,,,1,0,0,0.95,1.92,-0.97,-0.51,10.4,6.71,3.69,0.55,0,0.96,-0.96,-1,0.95,0.96,-0.01,-0.01,0.96,5.75,0,0,1,1,0,0,24.58,0,24.58,,,0,,,0,21.1,-21.1,-1,,,,,0,0,0,0,0,0,0,0,0,0,0,0,0,0,0,0,0,,0,0,,0,323.8,231.9,241.7,82.1,0.34,,,,,,,,,104137,106364,2227,3.748932,3.72274,
Trinidad and Tobago,H,Latin America & Caribbean,13.6,13.6,14.5,12.3,-0.9,-0.06,23,22.9,23.6,19.4,4.5,4.5,5.6,5.4,7.52,6.87,6.88,6.68,6.68,6.5,6.5,6.37,6.41,6.37,6.35,6.12,0.37,0.056923077,50.7,,,,,1,1,1,3.12,0.67,2.45,3.66,56.61,33.34,23.27,0.7,3.05,2.23,0.82,0.37,0,0.67,-0.67,-1,0.07,2.31,0.22,0.6,1,1,1,1,3.87,2.6,1.27,0.49,9.3,14.51,-5.21,-0.36,65.17,74.42,-9.25,-0.12,2,2,1,2,1,1,1,1,0,1,1,1,0,0,1,1,1,0,0,0,0,,0,0,,0,2204.1,1458.4,1470.6,733.5,0.5,1.526299953,1.681800008,0.155500054,10%,,,,,1328100,1360092,31992,192.5745,184.972512,0.937931034
Tunisia,LM,Middle East & North Africa,3.4,3.4,3.6,3.6,-0.2,-0.06,4.4,4.5,5,5.1,2.3,2.3,2.3,2.2,1.4,1.42,1.49,1.4,1.39,1.28,1.27,1.39,1.37,1.23,1.45,1.37,0.15,0.118110236,21.1,4.95,0.18,3222.45,117.18,1,1,1,2.58,1.98,0.6,0.3,,4.08,,,0.35,0.31,0.04,0.13,1.06,1.12,-0.06,-0.05,0.01,0.43,0.01,0.77,1,1,1,1,4.03,3.38,0.65,0.19,1.12,23.64,-22.52,-0.95,5.56,5.88,-0.32,-0.05,1,0,0,2,1,1,0,0,0,0,0,0,0,0,0,0,0,0,0,0,0,,0,0,,0,774.1,651,601.6,172.5,0.29,,,,,6.2,3.2,-3,-0.48,10639931,11273661,633730,383.037516,383.304474,0.944444444
Turkey,UM,Europe & Central Asia,7.3,7.3,8.4,7.6,-1.1,-0.13,11.4,11.4,13.1,12.2,3.3,3.4,3.8,3.2,1.29,1.4,1.44,1.4,1.53,1.51,1.49,1.4,1.39,1.26,1.29,1.29,-0.09,-0.060402685,21.7,,,,,0,1,1,1.51,2.13,-0.62,-0.29,,2.22,,,0.77,0.76,0.01,0.01,1.43,1.62,-0.19,-0.12,0.01,,0.01,0,1,1,1,0,3.84,5.56,-1.72,-0.31,,0.01,,,5.42,4.54,0.88,0.19,1,2,0,2,1,1,0,0,0,1,0,1,1,0,1,0,1,0,0,0,0,,0,0,,0,996,921.7,882.4,113.6,0.13,14.13059998,15.98149967,1.850899696,13%,1.7,2.4,0.7,0.41,72326914,78271472,5944558,6075.460776,5713.817456,0.869047619
Turkmenistan,UM,Europe & Central Asia,6.7,7.2,7.6,11.7,-0.4,-0.05,10.1,10.8,11.7,18.8,3.5,3.6,3.7,4.8,3.43,3.39,3.85,3.88,3.7,3.56,3.55,2.35,2.41,2.55,2.72,2.85,-0.16,-0.045070423,45.8,,,,,,,,,,,,,,,,,,,,,,,,,,,,1,1,1,1,,,,,,,,, ,,,,,,,,0,0,1,0,0,1,0,1,0,0,1,0,1,0,0,0,0,,0,0,,0,1003.8,549,486.7,517.1,1.06,,,,,,,,,5087210,5565284,478074,386.62796,400.700448,0.947368421
Uganda,L,Sub-Saharan Africa,9.9,9.9,10.5,10.5,-0.6,-0.06,10.7,10.6,10.6,10.6,9.1,9.3,10.4,10.4,,7.63,7.67,7.58,8.3,11.59,11.3,10.88,11.12,10.9,11.09,11.41,-3.67,-0.324778761,56.9,,,,,1,1,0,,0.09,,,,0.76,,,,,,,,0.02,,,0,0.08,0,0,0,1,0,0,1.17,1.24,-0.07,-0.06,,0,,,1.42,1.48,-0.06,-0.04,1,1,0,1,0,0,0,0,0,0,0,0,0,0,0,0,0,0,0,0,0,,0,0,,0,138.5,162.5,170.3,-31.8,-0.19,,,,,77.5,73.7,-3.8,-0.05,33915133,40144870,6229737,3561.088965,3974.34213,0.942857143
Ukraine,LM,Europe & Central Asia,22.4,23.1,27.1,34.5,-4,-0.15,41.1,42,48.9,62,6.3,6.8,8.4,10.7,5.82,5.75,6.22,7.11,8.18,8.77,8.81,9.41,9.53,8.92,8.04,7.34,-3.06,-0.347332577,28.3,,,,,1,1,1,,10.11,,,,29.73,,,,0.69,,,,1.15,,,0.19,0.07,0.23,,1,1,1,1,,0.65,,,,,,, ,92.85,,,,,,,1,1,0,0,0,0,0,0,0,0,0,0,0,0,1,0,0,,0,0,,0,469.4,518,488,-18.6,-0.04,,,,,2.8,2.8,0,0,45870700,45154029,-716671,12430.9597,10430.5807,0.852398524
United Arab Emirates,H,Middle East & North Africa,2.8,2.8,3,3.1,-0.2,-0.07,3.6,3.6,3.8,4.1,0.7,0.7,0.7,1,2.1,2.03,1.94,1.86,1.79,1.76,1.7,1.72,1.82,1.62,1.62,1.62,0.33,0.194117647,39,,,,,1,1,0,,0.3,,,,2.12,,,,0.25,,,,0.51,,,0.02,0.06,0,0,1,1,0,0,0.36,0.53,-0.17,-0.32,0,0,0,,0.85,1.7,-0.85,-0.5,1,0,0,0,1,1,0,0,0,0,0,0,0,0,0,0,0,1,0,0,0,,0,0,,0,2425.8,2142,2225.8,200,0.09,,,,,,,,,8270684,9154302,883618,248.12052,256.320456,0.933333333
United Kingdom of Great Britain and Northern Ireland,H,Europe & Central Asia,8.9,8.7,7.8,8.2,0.9,0.12,13.5,13.1,11.9,12,4.4,4.5,3.9,4.5,9.81,9.82,9.69,9.65,9.76,10.02,10.22,10.14,10.78,11.14,10.96,11.37,-0.4,-0.039138943,40.6,,,,,,,,14.63,,,,67.35,,,,1.99,,,,12.83,,,,,,,,1,1,1,1,,,,,,,,,34.08,,,,2,2,1,2,0,1,1,1,0,1,1,1,0,0,1,1,1,0,0,0,0,,0,0,,0,4144.6,3095.1,3053.3,1091.3,0.36,,,,,,,,,62766365,65128861,2362496,4895.77647,5666.210907,1.115384615
United Republic of Tanzania,L,Sub-Saharan Africa,5.4,5.4,5.3,5.5,0.1,0.02,7.7,7.6,7.5,7.9,3.2,3.2,3.1,3.2,,6.16,6.16,6.2,5.84,6.62,6.65,6.28,4.95,6.87,6.02,5.7,-0.49,-0.073684211,55.8,2.4,0.33,274.56,37.752,1,1,1,0.01,0.04,-0.03,-0.75,0.23,,,,0,0.01,-0.01,-1,0,0.01,-0.01,-1,0,0.28,0,,0,1,0,1,,1.47,,,,0.8,,,1.48,1.55,-0.07,-0.05,1,1,1,0,1,1,0,0,0,1,0,1,0,0,1,0,0,0,0,0,0,,0,0,,0,96.5,114.4,105.4,-8.9,-0.08,,,,,,,,,46098591,53879957,7781366,2443.225323,2909.517678,1.018867925
United States of America,H,North America,15.3,15,13.2,11.9,1.8,0.14,23.6,23,20.7,18.6,7.2,7.1,5.9,5.4,,8.78,8.77,8.81,8.86,8.66,8.56,8.71,8.74,8.74,8.63,8.52,0.22,0.025700935,36.4,,,,,1,1,1,12.4,7.79,4.61,0.59,4.25,3.07,1.18,0.38,59.83,17.93,41.9,2.34,29.62,29.03,0.59,0.02,0.25,1.95,,0.65,1,1,1,1,11.47,14.36,-2.89,-0.2,15.15,22.29,-7.14,-0.32,23.56,19.44,4.12,0.21,2,2,1,2,1,1,1,1,0,1,1,1,0,1,1,1,1,1,1,1,1,2011,0,1,2012,1,9535.9,8160.8,7949.9,1586,0.2,,,,,,,,,309338421,321039839,11701418,40832.67157,48155.97585,1.136363636
Uruguay,H,Latin America & Caribbean,18.4,19.4,16.6,15.3,2.8,0.17,29.2,31.4,26.3,24.2,8.3,8.2,7.5,7,,9.03,9.06,8.7,8.47,8.75,8.52,6.67,6.76,6.67,6.58,6.35,0.51,0.059859155,32.9,,,,,,,,16.91,,,,,,,,,,,,,,,,,,,,1,1,1,1,6.14,,,,,,,,39.37,,,,,,,,1,1,1,1,0,1,1,1,0,0,1,1,1,1,1,1,1,,0,0,,0,1747.8,1492.8,1404.6,343.2,0.24,1.838500023,2.477699995,0.639199972,35%,5.2,1.8,-3.4,-0.65,3374415,3431552,57137,560.15289,665.721088,1.168674699
Uzbekistan,LM,Europe & Central Asia,7.4,7.4,6,5.8,1.4,0.23,9.9,10,8.3,8.9,4.8,4.8,3.6,2.8,1.6,1.61,1.51,1.56,1.52,1.77,1.79,1.78,1.84,1.86,1.93,1.88,-0.18,-0.100558659,39.1,2.32,,574.664,,1,1,1,2.68,3.37,-0.69,-0.2,8.96,8.79,0.17,0.02,,,,,0.02,0.08,-0.06,-0.75,0.04,0.09,0.06,0,1,1,1,0,0.58,0.97,-0.39,-0.4,0,0,0,,15.28,16.89,-1.61,-0.1,2,1,0,0,1,1,1,1,0,1,1,1,1,0,1,1,1,0,1,1,1,2011,0,1,,1,382.8,247.7,224.3,158.5,0.71,,,,,,,,,28562400,31298900,2736500,1713.744,2316.1186,1.233333333
Vanuatu,LM,East Asia & Pacific,4.5,4.5,5.1,5.7,-0.6,-0.12,6.6,6.8,7.5,8.3,2.2,2.3,2.6,3,,0.85,0.86,0.98,1.04,0.85,0.91,0.83,1.18,1.01,1,0.88,-0.06,-0.065934066,59.5,,,,,0,1,1,0.39,0,0.39,,2.32,4.88,-2.56,-0.52,,,,,,0.81,,,0,2.44,2.03,0,0,1,1,0,,1.63,,,,0,,,0.77,0,0.77,,0,0,0,0,0,0,1,1,1,1,1,1,1,1,1,1,1,0,0,0,0,2009,1,0,2015,1,106.1,66,80.1,26,0.32,,,,,16.3,15.1,-1.2,-0.07,236295,264603,28308,12.051045,11.907135,
Venezuela (Bolivarian Republic of),UM,Latin America & Caribbean,3.7,3.8,4.3,5.9,-0.5,-0.12,6.3,6.4,7.2,9.7,1.1,1.2,1.5,2.1,3.87,5.98,6.41,6.66,6.65,6.7,7.18,7.56,8.15,8.69,8.25,7.91,-1.2,-0.167130919,39.5,,,,,,,,,,,,,,,,,,,,,,,,,,,,1,1,1,1,,,,,,,,, ,,,,,,,,0,0,1,1,1,1,1,1,1,1,1,1,1,0,0,0,0,,0,0,,0,579.4,821.8,733.8,-154.4,-0.21,,,,,,,,,29028033,31155134,2127101,1248.205419,1183.895092,0.88372093
Viet Nam,LM,East Asia & Pacific,7.3,7.2,7,6.7,0.2,0.03,10.9,10.8,10.5,10.1,3.7,3.7,3.6,3.5,3.1,2.92,2.74,2.66,2.5,2.37,2.18,1.91,1.73,1.52,1.36,1.2,0.74,0.339449541,39.3,,,,,0,1,0,0.91,1.01,-0.1,-0.1,2.92,75.34,-72.42,-0.96,0,0,0,,0.09,0.03,0.06,2,0.04,0.07,0,,1,1,0,1,1.13,0.34,0.79,2.32,,,,,6.81,17.97,-11.16,-0.62,2,1,2,2,1,0,0,0,0,0,0,1,0,0,0,1,0,0,1,0,0,2014,0,1,,1,334.3,266.9,252.9,81.4,0.32,,,,,,,,,88472512,93571567,5099055,6193.07584,6737.152824,1.028571429
Yemen,L,Middle East & North Africa,8.5,8.6,8.8,8.1,-0.2,-0.02,11.3,11.4,11.8,11,5.6,5.7,5.7,5.1,,0.04,0.04,0.04,0.04,0.04,0.05,0.03,0.04,0.05,0.04,0.04,-0.01,-0.2,1.9,,,,,0,0,0,,0.21,,,,0.13,,,,0.09,,,,0.17,,,0.02,0.04,,0.02,1,1,1,1,,0.53,,,,,,, ,2.83,,,0,1,0,0,0,0,0,1,0,1,0,0,0,0,0,1,0,0,0,0,0,,0,0,,0,144.5,182.2,226.9,-82.4,-0.36,,,,,,,,,23606779,26916207,3309428,2077.396552,2314.793802,0.977272727
Zambia,LM,Sub-Saharan Africa,6.1,6.1,6.3,6.5,-0.2,-0.03,8.8,8.7,9,9.3,3.5,3.5,3.6,3.8,,2.89,2.93,2.81,2.96,2.93,2.95,2.5,2.31,2.78,2.49,2.25,-0.06,-0.020338983,49.3,,,,,1,1,1,0.05,0.03,0.02,0.67,1.07,1.36,-0.29,-0.21,0.01,0.15,-0.14,-0.93,0.03,0.02,0.01,0.5,0.01,0.54,0.01,0.03,1,1,1,1,2,1.51,0.49,0.32,0.33,0.45,-0.12,-0.27,2,1.58,0.42,0.27,1,0,1,1,1,1,1,1,1,1,1,1,1,1,1,1,1,1,1,1,1,,0,0,,0,203,162.1,147.9,55.1,0.37,,,,,,,,,13850033,16100587,2250554,872.552079,982.135807,0.968253968
Zimbabwe,L,Sub-Saharan Africa,10.7,10.6,11.9,13.9,-1.3,-0.11,15.7,15.5,18.1,21.7,6,6,6.1,6.4,,3.55,3.44,3.34,3.45,3.34,2.92,2.48,2.85,2.28,2.36,1.92,0.63,0.215753425,50.6,0.01,,1.411,,1,1,1,0.08,0.06,0.02,0.33,2.8,2.86,-0.06,-0.02,0.1,0.07,0.03,0.43,0.04,0.04,0,0,0.03,0.02,0.02,0.08,1,1,1,1,1.1,1.13,-0.03,-0.03,0.96,1.47,-0.51,-0.35,12.38,9.19,3.19,0.35,1,0,0,1,1,1,1,1,1,1,1,1,1,1,1,1,1,1,0,1,0,,0,0,,0,182.3,141.1,156.7,25.6,0.16,,,,,,,,,14086317,15777451,1691134,1676.271723,1672.409806,0.890756303
